-- MySQL dump 10.16  Distrib 10.1.41-MariaDB, for debian-linux-gnu (x86_64)
--
-- Host: localhost    Database: characters
-- ------------------------------------------------------
-- Server version	10.1.41-MariaDB-0+deb9u1

/*!40101 SET @OLD_CHARACTER_SET_CLIENT=@@CHARACTER_SET_CLIENT */;
/*!40101 SET @OLD_CHARACTER_SET_RESULTS=@@CHARACTER_SET_RESULTS */;
/*!40101 SET @OLD_COLLATION_CONNECTION=@@COLLATION_CONNECTION */;
/*!40101 SET NAMES utf8mb4 */;
/*!40103 SET @OLD_TIME_ZONE=@@TIME_ZONE */;
/*!40103 SET TIME_ZONE='+00:00' */;
/*!40014 SET @OLD_UNIQUE_CHECKS=@@UNIQUE_CHECKS, UNIQUE_CHECKS=0 */;
/*!40014 SET @OLD_FOREIGN_KEY_CHECKS=@@FOREIGN_KEY_CHECKS, FOREIGN_KEY_CHECKS=0 */;
/*!40101 SET @OLD_SQL_MODE=@@SQL_MODE, SQL_MODE='NO_AUTO_VALUE_ON_ZERO' */;
/*!40111 SET @OLD_SQL_NOTES=@@SQL_NOTES, SQL_NOTES=0 */;

--
-- Current Database: `characters`
--

CREATE DATABASE /*!32312 IF NOT EXISTS*/ `characters` /*!40100 DEFAULT CHARACTER SET utf8 */;

USE `characters`;

--
-- Table structure for table `account_data`
--

DROP TABLE IF EXISTS `account_data`;
/*!40101 SET @saved_cs_client     = @@character_set_client */;
/*!40101 SET character_set_client = utf8 */;
CREATE TABLE `account_data` (
  `accountId` int(10) unsigned NOT NULL DEFAULT '0' COMMENT 'Account Identifier',
  `type` tinyint(3) unsigned NOT NULL DEFAULT '0',
  `time` int(10) unsigned NOT NULL DEFAULT '0',
  `data` blob NOT NULL,
  PRIMARY KEY (`accountId`,`type`)
) ENGINE=InnoDB DEFAULT CHARSET=utf8;
/*!40101 SET character_set_client = @saved_cs_client */;

--
-- Dumping data for table `account_data`
--

LOCK TABLES `account_data` WRITE;
/*!40000 ALTER TABLE `account_data` DISABLE KEYS */;
INSERT INTO `account_data` VALUES (1,0,1575186759,'SET autoLootDefault \"1\"\nSET displayFreeBagSlots \"1\"\nSET flaggedTutorials \"v##M##%##&##$##:##(##7##*##+##E##N##4##5##6##Z##[##8##)##\\##;##1##.##/##K##9##I##D##A##B##,##C##-##?##0##3##@##J##=##Y##F##V##U##^##]##>##Q##O##X##<\"\nSET profanityFilter \"0\"\nSET guildShowOffline \"0\"\nSET chatStyle \"classic\"\nSET UnitNameFriendlyPlayerName \"0\"\nSET enableCombatText \"0\"\nSET fctSpellMechanics \"1\"\nSET fctSpellMechanicsOther \"1\"\nSET xpBarText \"1\"\nSET playerStatusText \"1\"\nSET petStatusText \"1\"\nSET partyStatusText \"1\"\nSET targetStatusText \"1\"\nSET statusTextPercentage \"1\"\nSET cameraSmoothStyle \"0\"\nSET cameraDistanceMaxFactor \"2\"\nSET showNewbieTips \"0\"\nSET showItemLevel \"1\"\nSET showTutorials \"0\"\nSET talentFrameShown \"1\"\nSET threatShowNumeric \"1\"\nSET ShowAllSpellRanks \"0\"\n'),(1,2,1575186760,'BINDINGMODE 0\r\nbind A STRAFELEFT\r\nbind LEFT TURNLEFT\r\nbind D STRAFERIGHT\r\nbind RIGHT TURNRIGHT\r\nbind Q MULTIACTIONBAR1BUTTON2\r\nbind E MULTIACTIONBAR1BUTTON3\r\nbind NUMLOCK TOGGLEAUTORUN\r\nbind BUTTON4 NONE\r\nbind . TOGGLEAUTORUN\r\nbind ` MULTIACTIONBAR1BUTTON1\r\n'),(1,4,1575186761,'MACRO 1 \"坐骑\" Ability_Mount_Charger\r\n/RandomMount\r\nEND\r\n');
/*!40000 ALTER TABLE `account_data` ENABLE KEYS */;
UNLOCK TABLES;

--
-- Table structure for table `account_instance_times`
--

DROP TABLE IF EXISTS `account_instance_times`;
/*!40101 SET @saved_cs_client     = @@character_set_client */;
/*!40101 SET character_set_client = utf8 */;
CREATE TABLE `account_instance_times` (
  `accountId` int(10) unsigned NOT NULL,
  `instanceId` int(10) unsigned NOT NULL DEFAULT '0',
  `releaseTime` bigint(20) unsigned NOT NULL DEFAULT '0',
  PRIMARY KEY (`accountId`,`instanceId`)
) ENGINE=InnoDB DEFAULT CHARSET=utf8;
/*!40101 SET character_set_client = @saved_cs_client */;

--
-- Dumping data for table `account_instance_times`
--

LOCK TABLES `account_instance_times` WRITE;
/*!40000 ALTER TABLE `account_instance_times` DISABLE KEYS */;
INSERT INTO `account_instance_times` VALUES (1,3,1575786512);
/*!40000 ALTER TABLE `account_instance_times` ENABLE KEYS */;
UNLOCK TABLES;

--
-- Table structure for table `account_tutorial`
--

DROP TABLE IF EXISTS `account_tutorial`;
/*!40101 SET @saved_cs_client     = @@character_set_client */;
/*!40101 SET character_set_client = utf8 */;
CREATE TABLE `account_tutorial` (
  `accountId` int(10) unsigned NOT NULL DEFAULT '0' COMMENT 'Account Identifier',
  `tut0` int(10) unsigned NOT NULL DEFAULT '0',
  `tut1` int(10) unsigned NOT NULL DEFAULT '0',
  `tut2` int(10) unsigned NOT NULL DEFAULT '0',
  `tut3` int(10) unsigned NOT NULL DEFAULT '0',
  `tut4` int(10) unsigned NOT NULL DEFAULT '0',
  `tut5` int(10) unsigned NOT NULL DEFAULT '0',
  `tut6` int(10) unsigned NOT NULL DEFAULT '0',
  `tut7` int(10) unsigned NOT NULL DEFAULT '0',
  PRIMARY KEY (`accountId`)
) ENGINE=InnoDB DEFAULT CHARSET=utf8;
/*!40101 SET character_set_client = @saved_cs_client */;

--
-- Dumping data for table `account_tutorial`
--

LOCK TABLES `account_tutorial` WRITE;
/*!40000 ALTER TABLE `account_tutorial` DISABLE KEYS */;
INSERT INTO `account_tutorial` VALUES (1,2046345207,133563111,0,0,0,0,0,0);
/*!40000 ALTER TABLE `account_tutorial` ENABLE KEYS */;
UNLOCK TABLES;

--
-- Table structure for table `addons`
--

DROP TABLE IF EXISTS `addons`;
/*!40101 SET @saved_cs_client     = @@character_set_client */;
/*!40101 SET character_set_client = utf8 */;
CREATE TABLE `addons` (
  `name` varchar(120) NOT NULL DEFAULT '',
  `crc` int(10) unsigned NOT NULL DEFAULT '0',
  PRIMARY KEY (`name`)
) ENGINE=InnoDB DEFAULT CHARSET=utf8 COMMENT='Addons';
/*!40101 SET character_set_client = @saved_cs_client */;

--
-- Dumping data for table `addons`
--

LOCK TABLES `addons` WRITE;
/*!40000 ALTER TABLE `addons` DISABLE KEYS */;
INSERT INTO `addons` VALUES ('Blizzard_AchievementUI',1276933997),('Blizzard_ArenaUI',1276933997),('Blizzard_AuctionUI',1276933997),('Blizzard_BarbershopUI',1276933997),('Blizzard_BattlefieldMinimap',1276933997),('Blizzard_BindingUI',1276933997),('Blizzard_Calendar',1276933997),('Blizzard_CombatLog',1276933997),('Blizzard_CombatText',1276933997),('Blizzard_DebugTools',1276933997),('Blizzard_GlyphUI',1276933997),('Blizzard_GMChatUI',1276933997),('Blizzard_GMSurveyUI',1276933997),('Blizzard_GuildBankUI',1276933997),('Blizzard_InspectUI',1276933997),('Blizzard_ItemSocketingUI',1276933997),('Blizzard_MacroUI',1276933997),('Blizzard_RaidUI',1276933997),('Blizzard_TalentUI',1276933997),('Blizzard_TimeManager',1276933997),('Blizzard_TokenUI',1276933997),('Blizzard_TradeSkillUI',1276933997),('Blizzard_TrainerUI',1276933997);
/*!40000 ALTER TABLE `addons` ENABLE KEYS */;
UNLOCK TABLES;

--
-- Table structure for table `arena_team`
--

DROP TABLE IF EXISTS `arena_team`;
/*!40101 SET @saved_cs_client     = @@character_set_client */;
/*!40101 SET character_set_client = utf8 */;
CREATE TABLE `arena_team` (
  `arenaTeamId` int(10) unsigned NOT NULL DEFAULT '0',
  `name` varchar(24) NOT NULL,
  `captainGuid` int(10) unsigned NOT NULL DEFAULT '0',
  `type` tinyint(3) unsigned NOT NULL DEFAULT '0',
  `rating` smallint(5) unsigned NOT NULL DEFAULT '0',
  `seasonGames` smallint(5) unsigned NOT NULL DEFAULT '0',
  `seasonWins` smallint(5) unsigned NOT NULL DEFAULT '0',
  `weekGames` smallint(5) unsigned NOT NULL DEFAULT '0',
  `weekWins` smallint(5) unsigned NOT NULL DEFAULT '0',
  `rank` int(10) unsigned NOT NULL DEFAULT '0',
  `backgroundColor` int(10) unsigned NOT NULL DEFAULT '0',
  `emblemStyle` tinyint(3) unsigned NOT NULL DEFAULT '0',
  `emblemColor` int(10) unsigned NOT NULL DEFAULT '0',
  `borderStyle` tinyint(3) unsigned NOT NULL DEFAULT '0',
  `borderColor` int(10) unsigned NOT NULL DEFAULT '0',
  PRIMARY KEY (`arenaTeamId`)
) ENGINE=InnoDB DEFAULT CHARSET=utf8;
/*!40101 SET character_set_client = @saved_cs_client */;

--
-- Dumping data for table `arena_team`
--

LOCK TABLES `arena_team` WRITE;
/*!40000 ALTER TABLE `arena_team` DISABLE KEYS */;
/*!40000 ALTER TABLE `arena_team` ENABLE KEYS */;
UNLOCK TABLES;

--
-- Table structure for table `arena_team_member`
--

DROP TABLE IF EXISTS `arena_team_member`;
/*!40101 SET @saved_cs_client     = @@character_set_client */;
/*!40101 SET character_set_client = utf8 */;
CREATE TABLE `arena_team_member` (
  `arenaTeamId` int(10) unsigned NOT NULL DEFAULT '0',
  `guid` int(10) unsigned NOT NULL DEFAULT '0',
  `weekGames` smallint(5) unsigned NOT NULL DEFAULT '0',
  `weekWins` smallint(5) unsigned NOT NULL DEFAULT '0',
  `seasonGames` smallint(5) unsigned NOT NULL DEFAULT '0',
  `seasonWins` smallint(5) unsigned NOT NULL DEFAULT '0',
  `personalRating` smallint(5) unsigned NOT NULL DEFAULT '0',
  PRIMARY KEY (`arenaTeamId`,`guid`)
) ENGINE=InnoDB DEFAULT CHARSET=utf8;
/*!40101 SET character_set_client = @saved_cs_client */;

--
-- Dumping data for table `arena_team_member`
--

LOCK TABLES `arena_team_member` WRITE;
/*!40000 ALTER TABLE `arena_team_member` DISABLE KEYS */;
/*!40000 ALTER TABLE `arena_team_member` ENABLE KEYS */;
UNLOCK TABLES;

--
-- Table structure for table `auctionbidders`
--

DROP TABLE IF EXISTS `auctionbidders`;
/*!40101 SET @saved_cs_client     = @@character_set_client */;
/*!40101 SET character_set_client = utf8 */;
CREATE TABLE `auctionbidders` (
  `id` int(10) unsigned NOT NULL DEFAULT '0',
  `bidderguid` int(10) unsigned NOT NULL DEFAULT '0',
  PRIMARY KEY (`id`,`bidderguid`)
) ENGINE=InnoDB DEFAULT CHARSET=utf8;
/*!40101 SET character_set_client = @saved_cs_client */;

--
-- Dumping data for table `auctionbidders`
--

LOCK TABLES `auctionbidders` WRITE;
/*!40000 ALTER TABLE `auctionbidders` DISABLE KEYS */;
/*!40000 ALTER TABLE `auctionbidders` ENABLE KEYS */;
UNLOCK TABLES;

--
-- Table structure for table `auctionhouse`
--

DROP TABLE IF EXISTS `auctionhouse`;
/*!40101 SET @saved_cs_client     = @@character_set_client */;
/*!40101 SET character_set_client = utf8 */;
CREATE TABLE `auctionhouse` (
  `id` int(10) unsigned NOT NULL DEFAULT '0',
  `houseid` tinyint(3) unsigned NOT NULL DEFAULT '7',
  `itemguid` int(10) unsigned NOT NULL DEFAULT '0',
  `itemowner` int(10) unsigned NOT NULL DEFAULT '0',
  `buyoutprice` int(10) unsigned NOT NULL DEFAULT '0',
  `time` int(10) unsigned NOT NULL DEFAULT '0',
  `buyguid` int(10) unsigned NOT NULL DEFAULT '0',
  `lastbid` int(10) unsigned NOT NULL DEFAULT '0',
  `startbid` int(10) unsigned NOT NULL DEFAULT '0',
  `deposit` int(10) unsigned NOT NULL DEFAULT '0',
  PRIMARY KEY (`id`),
  UNIQUE KEY `item_guid` (`itemguid`)
) ENGINE=InnoDB DEFAULT CHARSET=utf8;
/*!40101 SET character_set_client = @saved_cs_client */;

--
-- Dumping data for table `auctionhouse`
--

LOCK TABLES `auctionhouse` WRITE;
/*!40000 ALTER TABLE `auctionhouse` DISABLE KEYS */;
/*!40000 ALTER TABLE `auctionhouse` ENABLE KEYS */;
UNLOCK TABLES;

--
-- Table structure for table `banned_addons`
--

DROP TABLE IF EXISTS `banned_addons`;
/*!40101 SET @saved_cs_client     = @@character_set_client */;
/*!40101 SET character_set_client = utf8 */;
CREATE TABLE `banned_addons` (
  `Id` int(10) unsigned NOT NULL AUTO_INCREMENT,
  `Name` varchar(255) NOT NULL,
  `Version` varchar(255) NOT NULL DEFAULT '',
  `Timestamp` timestamp NOT NULL DEFAULT CURRENT_TIMESTAMP ON UPDATE CURRENT_TIMESTAMP,
  PRIMARY KEY (`Id`),
  UNIQUE KEY `idx_name_ver` (`Name`,`Version`)
) ENGINE=InnoDB DEFAULT CHARSET=utf8;
/*!40101 SET character_set_client = @saved_cs_client */;

--
-- Dumping data for table `banned_addons`
--

LOCK TABLES `banned_addons` WRITE;
/*!40000 ALTER TABLE `banned_addons` DISABLE KEYS */;
/*!40000 ALTER TABLE `banned_addons` ENABLE KEYS */;
UNLOCK TABLES;

--
-- Table structure for table `battleground_deserters`
--

DROP TABLE IF EXISTS `battleground_deserters`;
/*!40101 SET @saved_cs_client     = @@character_set_client */;
/*!40101 SET character_set_client = utf8 */;
CREATE TABLE `battleground_deserters` (
  `guid` int(10) unsigned NOT NULL COMMENT 'characters.guid',
  `type` tinyint(3) unsigned NOT NULL COMMENT 'type of the desertion',
  `datetime` datetime NOT NULL COMMENT 'datetime of the desertion'
) ENGINE=InnoDB DEFAULT CHARSET=latin1;
/*!40101 SET character_set_client = @saved_cs_client */;

--
-- Dumping data for table `battleground_deserters`
--

LOCK TABLES `battleground_deserters` WRITE;
/*!40000 ALTER TABLE `battleground_deserters` DISABLE KEYS */;
/*!40000 ALTER TABLE `battleground_deserters` ENABLE KEYS */;
UNLOCK TABLES;

--
-- Table structure for table `bugreport`
--

DROP TABLE IF EXISTS `bugreport`;
/*!40101 SET @saved_cs_client     = @@character_set_client */;
/*!40101 SET character_set_client = utf8 */;
CREATE TABLE `bugreport` (
  `id` int(10) unsigned NOT NULL AUTO_INCREMENT COMMENT 'Identifier',
  `type` longtext NOT NULL,
  `content` longtext NOT NULL,
  PRIMARY KEY (`id`)
) ENGINE=InnoDB DEFAULT CHARSET=utf8 COMMENT='Debug System';
/*!40101 SET character_set_client = @saved_cs_client */;

--
-- Dumping data for table `bugreport`
--

LOCK TABLES `bugreport` WRITE;
/*!40000 ALTER TABLE `bugreport` DISABLE KEYS */;
/*!40000 ALTER TABLE `bugreport` ENABLE KEYS */;
UNLOCK TABLES;

--
-- Table structure for table `calendar_events`
--

DROP TABLE IF EXISTS `calendar_events`;
/*!40101 SET @saved_cs_client     = @@character_set_client */;
/*!40101 SET character_set_client = utf8 */;
CREATE TABLE `calendar_events` (
  `id` bigint(20) unsigned NOT NULL DEFAULT '0',
  `creator` int(10) unsigned NOT NULL DEFAULT '0',
  `title` varchar(255) NOT NULL DEFAULT '',
  `description` varchar(255) NOT NULL DEFAULT '',
  `type` tinyint(1) unsigned NOT NULL DEFAULT '4',
  `dungeon` int(10) NOT NULL DEFAULT '-1',
  `eventtime` int(10) unsigned NOT NULL DEFAULT '0',
  `flags` int(10) unsigned NOT NULL DEFAULT '0',
  `time2` int(10) unsigned NOT NULL DEFAULT '0',
  PRIMARY KEY (`id`)
) ENGINE=InnoDB DEFAULT CHARSET=utf8;
/*!40101 SET character_set_client = @saved_cs_client */;

--
-- Dumping data for table `calendar_events`
--

LOCK TABLES `calendar_events` WRITE;
/*!40000 ALTER TABLE `calendar_events` DISABLE KEYS */;
/*!40000 ALTER TABLE `calendar_events` ENABLE KEYS */;
UNLOCK TABLES;

--
-- Table structure for table `calendar_invites`
--

DROP TABLE IF EXISTS `calendar_invites`;
/*!40101 SET @saved_cs_client     = @@character_set_client */;
/*!40101 SET character_set_client = utf8 */;
CREATE TABLE `calendar_invites` (
  `id` bigint(20) unsigned NOT NULL DEFAULT '0',
  `event` bigint(20) unsigned NOT NULL DEFAULT '0',
  `invitee` int(10) unsigned NOT NULL DEFAULT '0',
  `sender` int(10) unsigned NOT NULL DEFAULT '0',
  `status` tinyint(1) unsigned NOT NULL DEFAULT '0',
  `statustime` int(10) unsigned NOT NULL DEFAULT '0',
  `rank` tinyint(1) unsigned NOT NULL DEFAULT '0',
  `text` varchar(255) NOT NULL DEFAULT '',
  PRIMARY KEY (`id`)
) ENGINE=InnoDB DEFAULT CHARSET=utf8;
/*!40101 SET character_set_client = @saved_cs_client */;

--
-- Dumping data for table `calendar_invites`
--

LOCK TABLES `calendar_invites` WRITE;
/*!40000 ALTER TABLE `calendar_invites` DISABLE KEYS */;
/*!40000 ALTER TABLE `calendar_invites` ENABLE KEYS */;
UNLOCK TABLES;

--
-- Table structure for table `channels`
--

DROP TABLE IF EXISTS `channels`;
/*!40101 SET @saved_cs_client     = @@character_set_client */;
/*!40101 SET character_set_client = utf8 */;
CREATE TABLE `channels` (
  `name` varchar(128) NOT NULL,
  `team` int(10) unsigned NOT NULL,
  `announce` tinyint(3) unsigned NOT NULL DEFAULT '1',
  `ownership` tinyint(3) unsigned NOT NULL DEFAULT '1',
  `password` varchar(32) DEFAULT NULL,
  `bannedList` text,
  `lastUsed` int(10) unsigned NOT NULL,
  PRIMARY KEY (`name`,`team`)
) ENGINE=InnoDB DEFAULT CHARSET=utf8 COMMENT='Channel System';
/*!40101 SET character_set_client = @saved_cs_client */;

--
-- Dumping data for table `channels`
--

LOCK TABLES `channels` WRITE;
/*!40000 ALTER TABLE `channels` DISABLE KEYS */;
/*!40000 ALTER TABLE `channels` ENABLE KEYS */;
UNLOCK TABLES;

--
-- Table structure for table `character_account_data`
--

DROP TABLE IF EXISTS `character_account_data`;
/*!40101 SET @saved_cs_client     = @@character_set_client */;
/*!40101 SET character_set_client = utf8 */;
CREATE TABLE `character_account_data` (
  `guid` int(10) unsigned NOT NULL DEFAULT '0',
  `type` tinyint(3) unsigned NOT NULL DEFAULT '0',
  `time` int(10) unsigned NOT NULL DEFAULT '0',
  `data` blob NOT NULL,
  PRIMARY KEY (`guid`,`type`)
) ENGINE=InnoDB DEFAULT CHARSET=utf8;
/*!40101 SET character_set_client = @saved_cs_client */;

--
-- Dumping data for table `character_account_data`
--

LOCK TABLES `character_account_data` WRITE;
/*!40000 ALTER TABLE `character_account_data` DISABLE KEYS */;
INSERT INTO `character_account_data` VALUES (12,1,1577364925,'SET equipmentManager \"1\"\nSET minimapZoom \"0\"\nSET minimapInsideZoom \"0\"\nSET questLogCollapseFilter \"-1\"\nSET trackedQuests \"v$-9$.V$.)\"\nSET trackedAchievements \"v\"\nSET trackerSorting \"1\"\nSET fullSizeFocusFrame \"1\"\nSET cameraSavedDistance \"12.257154\"\nSET cameraSavedPitch \"9.642948\"\nSET nameplateShowEnemies \"1\"\nSET playerStatLeftDropdown \"PLAYERSTAT_BASE_STATS\"\nSET playerStatRightDropdown \"PLAYERSTAT_MELEE_COMBAT\"\nSET showTokenFrame \"1\"\nSET minimapTrackedInfo \"MINIMAP_TRACKING_TRIVIAL_QUESTS\"\n'),(12,7,1575779272,'VERSION 5\n\nADDEDVERSION 13\n\nOPTION_GUILD_RECRUITMENT_CHANNEL AUTO\n\nCHANNELS\nEND\n\nZONECHANNELS 52428803\n\nCOLORS\nSYSTEM 255 255 0 N\nSAY 255 255 255 N\nPARTY 170 170 255 N\nRAID 255 127 0 N\nGUILD 64 255 64 N\nOFFICER 64 192 64 N\nYELL 255 64 64 N\nWHISPER 255 128 255 N\nWHISPER_FOREIGN 255 128 255 N\nWHISPER_INFORM 255 128 255 N\nEMOTE 255 128 64 N\nTEXT_EMOTE 255 128 64 N\nMONSTER_SAY 255 255 159 N\nMONSTER_PARTY 170 170 255 N\nMONSTER_YELL 255 64 64 N\nMONSTER_WHISPER 255 181 235 N\nMONSTER_EMOTE 255 128 64 N\nCHANNEL 255 192 192 N\nCHANNEL_JOIN 192 128 128 N\nCHANNEL_LEAVE 192 128 128 N\nCHANNEL_LIST 192 128 128 N\nCHANNEL_NOTICE 192 192 192 N\nCHANNEL_NOTICE_USER 192 192 192 N\nAFK 255 128 255 N\nDND 255 128 255 N\nIGNORED 255 0 0 N\nSKILL 85 85 255 N\nLOOT 0 170 0 N\nMONEY 255 255 0 N\nOPENING 128 128 255 N\nTRADESKILLS 255 255 255 N\nPET_INFO 128 128 255 N\nCOMBAT_MISC_INFO 128 128 255 N\nCOMBAT_XP_GAIN 111 111 255 N\nCOMBAT_HONOR_GAIN 224 202 10 N\nCOMBAT_FACTION_CHANGE 128 128 255 N\nBG_SYSTEM_NEUTRAL 255 120 10 N\nBG_SYSTEM_ALLIANCE 0 174 239 N\nBG_SYSTEM_HORDE 255 0 0 N\nRAID_LEADER 255 72 9 N\nRAID_WARNING 255 72 0 N\nRAID_BOSS_EMOTE 255 221 0 N\nRAID_BOSS_WHISPER 255 221 0 N\nFILTERED 255 0 0 N\nBATTLEGROUND 255 127 0 N\nBATTLEGROUND_LEADER 255 219 183 N\nRESTRICTED 255 0 0 N\nBATTLENET 255 255 255 N\nACHIEVEMENT 255 255 0 N\nGUILD_ACHIEVEMENT 64 255 64 N\nARENA_POINTS 255 255 255 N\nPARTY_LEADER 118 200 255 N\nTARGETICONS 255 255 0 N\nBN_WHISPER 0 255 246 N\nBN_WHISPER_INFORM 0 255 246 N\nBN_CONVERSATION 0 177 240 N\nBN_CONVERSATION_NOTICE 0 177 240 N\nBN_CONVERSATION_LIST 0 177 240 N\nBN_INLINE_TOAST_ALERT 130 197 255 N\nBN_INLINE_TOAST_BROADCAST 130 197 255 N\nBN_INLINE_TOAST_BROADCAST_INFORM 130 197 255 N\nBN_INLINE_TOAST_CONVERSATION 130 197 255 N\nCHANNEL1 255 192 192 N\nCHANNEL2 255 192 192 N\nCHANNEL3 255 192 192 N\nCHANNEL4 255 192 192 N\nCHANNEL5 255 192 192 N\nCHANNEL6 255 192 192 N\nCHANNEL7 255 192 192 N\nCHANNEL8 255 192 192 N\nCHANNEL9 255 192 192 N\nCHANNEL10 255 192 192 N\nEND\n\nWINDOW 1\nNAME 综合\nSIZE 0\nCOLOR 0 0 0 40\nLOCKED 1\nUNINTERACTABLE 0\nDOCKED 1\nSHOWN 1\nPOSITION BOTTOMLEFT 0.025675 0.202597\nDIMENSIONS 365.209808 219.751190\n\nMESSAGES\nSYSTEM\nSYSTEM_NOMENU\nSAY\nEMOTE\nYELL\nWHISPER\nPARTY\nPARTY_LEADER\nRAID\nRAID_LEADER\nRAID_WARNING\nBATTLEGROUND\nBATTLEGROUND_LEADER\nGUILD\nOFFICER\nMONSTER_SAY\nMONSTER_YELL\nMONSTER_EMOTE\nMONSTER_WHISPER\nMONSTER_BOSS_EMOTE\nMONSTER_BOSS_WHISPER\nERRORS\nAFK\nDND\nIGNORED\nBG_HORDE\nBG_ALLIANCE\nBG_NEUTRAL\nCOMBAT_FACTION_CHANGE\nSKILL\nLOOT\nMONEY\nCHANNEL\nACHIEVEMENT\nGUILD_ACHIEVEMENT\nTARGETICONS\nBN_WHISPER\nBN_WHISPER_INFORM\nBN_CONVERSATION\nBN_INLINE_TOAST_ALERT\nEND\n\nCHANNELS\nEND\n\nZONECHANNELS 18874371\n\nEND\n\nWINDOW 2\nNAME 战斗记录\nSIZE 0\nCOLOR 0 0 0 40\nLOCKED 1\nUNINTERACTABLE 0\nDOCKED 2\nSHOWN 0\nMESSAGES\nOPENING\nTRADESKILLS\nPET_INFO\nCOMBAT_XP_GAIN\nCOMBAT_HONOR_GAIN\nCOMBAT_MISC_INFO\nEND\n\nCHANNELS\nEND\n\nZONECHANNELS 0\n\nEND\n\nWINDOW 3\nNAME 聊天通道\nSIZE 0\nCOLOR 0 0 0 40\nLOCKED 1\nUNINTERACTABLE 0\nDOCKED 0\nSHOWN 0\nMESSAGES\nEND\n\nCHANNELS\nEND\n\nZONECHANNELS 0\n\nEND\n\nWINDOW 4\nSIZE 0\nCOLOR 0 0 0 40\nLOCKED 1\nUNINTERACTABLE 0\nDOCKED 0\nSHOWN 0\nMESSAGES\nEND\n\nCHANNELS\nEND\n\nZONECHANNELS 0\n\nEND\n\nWINDOW 5\nSIZE 0\nCOLOR 0 0 0 40\nLOCKED 1\nUNINTERACTABLE 0\nDOCKED 0\nSHOWN 0\nMESSAGES\nEND\n\nCHANNELS\nEND\n\nZONECHANNELS 0\n\nEND\n\nWINDOW 6\nSIZE 0\nCOLOR 0 0 0 40\nLOCKED 1\nUNINTERACTABLE 0\nDOCKED 0\nSHOWN 0\nMESSAGES\nEND\n\nCHANNELS\nEND\n\nZONECHANNELS 0\n\nEND\n\nWINDOW 7\nSIZE 0\nCOLOR 0 0 0 40\nLOCKED 1\nUNINTERACTABLE 0\nDOCKED 0\nSHOWN 0\nMESSAGES\nEND\n\nCHANNELS\nEND\n\nZONECHANNELS 0\n\nEND\n\nWINDOW 8\nSIZE 0\nCOLOR 0 0 0 40\nLOCKED 1\nUNINTERACTABLE 0\nDOCKED 0\nSHOWN 0\nMESSAGES\nEND\n\nCHANNELS\nEND\n\nZONECHANNELS 0\n\nEND\n\nWINDOW 9\nSIZE 0\nCOLOR 0 0 0 40\nLOCKED 1\nUNINTERACTABLE 0\nDOCKED 0\nSHOWN 0\nMESSAGES\nEND\n\nCHANNELS\nEND\n\nZONECHANNELS 0\n\nEND\n\nWINDOW 10\nSIZE 0\nCOLOR 0 0 0 40\nLOCKED 1\nUNINTERACTABLE 0\nDOCKED 0\nSHOWN 0\nMESSAGES\nEND\n\nCHANNELS\nEND\n\nZONECHANNELS 0\n\nEND\n\n');
/*!40000 ALTER TABLE `character_account_data` ENABLE KEYS */;
UNLOCK TABLES;

--
-- Table structure for table `character_achievement`
--

DROP TABLE IF EXISTS `character_achievement`;
/*!40101 SET @saved_cs_client     = @@character_set_client */;
/*!40101 SET character_set_client = utf8 */;
CREATE TABLE `character_achievement` (
  `guid` int(10) unsigned NOT NULL,
  `achievement` smallint(5) unsigned NOT NULL,
  `date` int(10) unsigned NOT NULL DEFAULT '0',
  PRIMARY KEY (`guid`,`achievement`)
) ENGINE=InnoDB DEFAULT CHARSET=utf8;
/*!40101 SET character_set_client = @saved_cs_client */;

--
-- Dumping data for table `character_achievement`
--

LOCK TABLES `character_achievement` WRITE;
/*!40000 ALTER TABLE `character_achievement` DISABLE KEYS */;
INSERT INTO `character_achievement` VALUES (12,6,1575779388),(12,7,1575779388),(12,8,1575779388),(12,9,1575779388),(12,10,1575779388),(12,11,1575779388),(12,12,1575779388),(12,13,1575779388),(12,16,1576922630),(12,705,1575782482),(12,889,1575780346),(12,891,1575779858),(12,2716,1575779844);
/*!40000 ALTER TABLE `character_achievement` ENABLE KEYS */;
UNLOCK TABLES;

--
-- Table structure for table `character_achievement_progress`
--

DROP TABLE IF EXISTS `character_achievement_progress`;
/*!40101 SET @saved_cs_client     = @@character_set_client */;
/*!40101 SET character_set_client = utf8 */;
CREATE TABLE `character_achievement_progress` (
  `guid` int(10) unsigned NOT NULL,
  `criteria` smallint(5) unsigned NOT NULL,
  `counter` int(10) unsigned NOT NULL,
  `date` int(10) unsigned NOT NULL DEFAULT '0',
  PRIMARY KEY (`guid`,`criteria`)
) ENGINE=InnoDB DEFAULT CHARSET=utf8;
/*!40101 SET character_set_client = @saved_cs_client */;

--
-- Dumping data for table `character_achievement_progress`
--

LOCK TABLES `character_achievement_progress` WRITE;
/*!40000 ALTER TABLE `character_achievement_progress` DISABLE KEYS */;
INSERT INTO `character_achievement_progress` VALUES (12,34,80,1575779388),(12,35,80,1575779388),(12,36,80,1575779388),(12,37,80,1575779388),(12,38,80,1575779388),(12,39,80,1575779388),(12,40,80,1575779388),(12,41,80,1575779388),(12,73,3,1575781146),(12,162,2526,1577364947),(12,167,400,1576922630),(12,230,3,1575781146),(12,231,3,1575781146),(12,232,3,1575781146),(12,233,3,1575781146),(12,234,3,1575781146),(12,236,3,1575781146),(12,641,400,1575782068),(12,655,400,1576922630),(12,656,400,1575779823),(12,753,400,1576922630),(12,754,400,1575782068),(12,755,400,1576922630),(12,756,400,1576922630),(12,832,1,1575781874),(12,834,400,1575782482),(12,911,1,1575782462),(12,992,504,1575781146),(12,993,504,1575781146),(12,994,3104,1575781146),(12,995,504,1575781146),(12,996,4020,1575781146),(12,1045,1,1575781322),(12,1091,1,1575783131),(12,1504,1,1575782825),(12,1508,1,1575779278),(12,1509,1,1575779667),(12,1515,1,1575780303),(12,1521,1,1575780387),(12,1530,1,1575780336),(12,1542,1,1575782880),(12,1543,1,1575782884),(12,1870,150,1575780346),(12,1871,150,1575780346),(12,1872,75,1575779858),(12,1873,150,1575780346),(12,1884,3500,1575779271),(12,2020,200,1575779271),(12,2072,1686,1575783020),(12,2239,3,1575781146),(12,3355,26400,1575781119),(12,3356,1888,1575783035),(12,3359,1,1575780631),(12,3360,10000,1575780631),(12,3361,2518,1575780508),(12,3513,26400,1575781119),(12,3631,3,1575781146),(12,4091,2518,1575780508),(12,4092,26400,1575781119),(12,4224,100000018,1575779497),(12,4763,3500,1575779271),(12,4787,2,1575780625),(12,4944,4,1575779461),(12,4946,2,1575779367),(12,4948,4,1575779461),(12,5008,1,1575782509),(12,5289,4,1575779683),(12,5301,7,1576922630),(12,5305,4,1575783035),(12,5313,504,1575781146),(12,5314,504,1575781146),(12,5315,504,1575781146),(12,5316,3104,1575781146),(12,5317,4020,1575781146),(12,5371,4053,1575782473),(12,5372,11083,1575783020),(12,5373,1283,1577364947),(12,5529,4,1575779461),(12,5531,4,1575779461),(12,5576,400,1576922630),(12,5577,400,1576922630),(12,5578,400,1575782068),(12,5579,400,1575782068),(12,5580,400,1576922630),(12,5581,400,1575782482),(12,5589,400,1576922630),(12,5590,400,1575779823),(12,7550,2,1575780625),(12,7551,2,1575780625),(12,7552,2,1575780625),(12,8819,500,1575779271),(12,8820,500,1575779271),(12,8821,500,1575779271),(12,8822,500,1575779271),(12,9224,2,1575780625),(12,9598,80,1575779388),(12,9619,1,1575779844),(12,9683,504,1575781146),(12,9684,504,1575781146),(12,9685,4020,1575781146),(12,9686,504,1575781146),(12,9687,3104,1575781146),(12,12698,145,1576922630),(12,13409,3500,1575779271),(13,167,5,1575779136),(13,653,5,1575779136),(13,657,5,1575779136),(13,756,5,1575779136),(13,757,5,1575779136),(13,5585,5,1575779136),(13,5586,5,1575779136),(13,5589,5,1575779136),(13,5591,5,1575779136),(14,167,5,1575779175),(14,641,5,1575779175),(14,654,5,1575779175),(14,753,5,1575779175),(14,754,5,1575779175),(14,756,5,1575779175),(14,5576,5,1575779175),(14,5578,5,1575779175),(14,5579,5,1575779175),(14,5583,5,1575779175),(14,5589,5,1575779175),(15,167,5,1575779239),(15,653,5,1575779239),(15,756,5,1575779239),(15,5585,5,1575779239),(15,5587,5,1575779239),(15,5589,5,1575779239),(15,9378,5,1575779239);
/*!40000 ALTER TABLE `character_achievement_progress` ENABLE KEYS */;
UNLOCK TABLES;

--
-- Table structure for table `character_action`
--

DROP TABLE IF EXISTS `character_action`;
/*!40101 SET @saved_cs_client     = @@character_set_client */;
/*!40101 SET character_set_client = utf8 */;
CREATE TABLE `character_action` (
  `guid` int(10) unsigned NOT NULL DEFAULT '0',
  `spec` tinyint(3) unsigned NOT NULL DEFAULT '0',
  `button` tinyint(3) unsigned NOT NULL DEFAULT '0',
  `action` int(10) unsigned NOT NULL DEFAULT '0',
  `type` tinyint(3) unsigned NOT NULL DEFAULT '0',
  PRIMARY KEY (`guid`,`spec`,`button`)
) ENGINE=InnoDB DEFAULT CHARSET=utf8;
/*!40101 SET character_set_client = @saved_cs_client */;

--
-- Dumping data for table `character_action`
--

LOCK TABLES `character_action` WRITE;
/*!40000 ALTER TABLE `character_action` DISABLE KEYS */;
INSERT INTO `character_action` VALUES (12,0,0,20271,0),(12,0,1,35395,0),(12,0,2,48801,0),(12,0,3,48785,0),(12,0,4,48782,0),(12,0,5,20066,0),(12,0,6,10308,0),(12,0,7,48817,0),(12,0,9,1152,0),(12,0,10,4987,0),(12,0,11,28730,0),(12,0,28,1038,0),(12,0,29,6940,0),(12,0,30,31789,0),(12,0,32,48936,0),(12,0,33,48932,0),(12,0,35,53408,0),(12,0,38,64205,0),(12,0,39,10326,0),(12,0,41,19752,0),(12,0,42,61411,0),(12,0,43,62124,0),(12,0,45,20217,0),(12,0,47,53407,0),(12,0,48,34767,0),(12,0,49,6948,128),(12,0,50,53736,0),(12,0,51,20165,0),(12,0,52,20166,0),(12,0,53,20164,0),(12,0,54,20375,0),(12,0,55,21084,0),(12,0,57,25898,0),(12,0,58,48938,0),(12,0,59,48934,0),(12,0,60,48806,0),(12,0,61,53385,0),(12,0,62,48819,0),(12,0,63,31884,0),(12,0,64,54428,0),(12,0,65,1044,0),(12,0,66,53601,0),(12,0,67,10278,0),(12,0,68,498,0),(12,0,69,642,0),(12,0,70,48788,0),(12,0,71,25780,0),(12,1,0,20271,0),(12,1,3,639,0),(12,1,11,28730,0),(12,1,48,6948,128),(12,1,49,19740,0),(12,1,63,498,0),(12,1,71,21084,0),(13,0,0,686,0),(13,0,1,687,0),(13,0,2,20577,0),(14,0,0,6603,0),(14,0,1,2973,0),(14,0,2,75,0),(14,0,3,20549,0),(14,0,76,20549,0),(15,0,0,6603,0),(15,0,1,1752,0),(15,0,2,2098,0),(15,0,3,2764,0),(15,0,11,59752,0);
/*!40000 ALTER TABLE `character_action` ENABLE KEYS */;
UNLOCK TABLES;

--
-- Table structure for table `character_arena_stats`
--

DROP TABLE IF EXISTS `character_arena_stats`;
/*!40101 SET @saved_cs_client     = @@character_set_client */;
/*!40101 SET character_set_client = utf8 */;
CREATE TABLE `character_arena_stats` (
  `guid` int(10) unsigned NOT NULL DEFAULT '0',
  `slot` tinyint(3) unsigned NOT NULL DEFAULT '0',
  `matchMakerRating` smallint(5) unsigned NOT NULL DEFAULT '0',
  PRIMARY KEY (`guid`,`slot`)
) ENGINE=InnoDB DEFAULT CHARSET=utf8;
/*!40101 SET character_set_client = @saved_cs_client */;

--
-- Dumping data for table `character_arena_stats`
--

LOCK TABLES `character_arena_stats` WRITE;
/*!40000 ALTER TABLE `character_arena_stats` DISABLE KEYS */;
/*!40000 ALTER TABLE `character_arena_stats` ENABLE KEYS */;
UNLOCK TABLES;

--
-- Table structure for table `character_aura`
--

DROP TABLE IF EXISTS `character_aura`;
/*!40101 SET @saved_cs_client     = @@character_set_client */;
/*!40101 SET character_set_client = utf8 */;
CREATE TABLE `character_aura` (
  `guid` int(10) unsigned NOT NULL DEFAULT '0' COMMENT 'Global Unique Identifier',
  `casterGuid` bigint(20) unsigned NOT NULL DEFAULT '0' COMMENT 'Full Global Unique Identifier',
  `itemGuid` bigint(20) unsigned NOT NULL DEFAULT '0',
  `spell` mediumint(8) unsigned NOT NULL DEFAULT '0',
  `effectMask` tinyint(3) unsigned NOT NULL DEFAULT '0',
  `recalculateMask` tinyint(3) unsigned NOT NULL DEFAULT '0',
  `stackCount` tinyint(3) unsigned NOT NULL DEFAULT '1',
  `amount0` int(11) NOT NULL DEFAULT '0',
  `amount1` int(11) NOT NULL DEFAULT '0',
  `amount2` int(11) NOT NULL DEFAULT '0',
  `base_amount0` int(11) NOT NULL DEFAULT '0',
  `base_amount1` int(11) NOT NULL DEFAULT '0',
  `base_amount2` int(11) NOT NULL DEFAULT '0',
  `maxDuration` int(11) NOT NULL DEFAULT '0',
  `remainTime` int(11) NOT NULL DEFAULT '0',
  `remainCharges` tinyint(3) unsigned NOT NULL DEFAULT '0',
  `critChance` float NOT NULL DEFAULT '0',
  `applyResilience` tinyint(3) NOT NULL DEFAULT '0',
  PRIMARY KEY (`guid`,`casterGuid`,`itemGuid`,`spell`,`effectMask`)
) ENGINE=InnoDB DEFAULT CHARSET=utf8 COMMENT='Player System';
/*!40101 SET character_set_client = @saved_cs_client */;

--
-- Dumping data for table `character_aura`
--

LOCK TABLES `character_aura` WRITE;
/*!40000 ALTER TABLE `character_aura` DISABLE KEYS */;
INSERT INTO `character_aura` VALUES (12,12,0,20375,5,5,1,0,0,20425,-1,0,20424,1800000,1648984,0,0,1),(12,12,0,25780,3,3,1,80,0,0,79,-1,0,-1,-1,0,0,1),(12,12,0,25898,3,3,1,10,0,0,9,-1,0,1800000,1651350,0,0,1),(12,12,0,54043,7,7,1,168,3,3,111,-1,-1,-1,-1,0,0,1),(12,12,0,57340,1,1,1,43,0,0,42,0,0,-1,-1,0,0,1),(12,12,0,61418,3,3,1,15,15,0,14,14,0,-1,-1,0,0,1),(12,12,0,63531,6,6,1,0,3,3,0,-1,-1,-1,-1,0,0,1);
/*!40000 ALTER TABLE `character_aura` ENABLE KEYS */;
UNLOCK TABLES;

--
-- Table structure for table `character_banned`
--

DROP TABLE IF EXISTS `character_banned`;
/*!40101 SET @saved_cs_client     = @@character_set_client */;
/*!40101 SET character_set_client = utf8 */;
CREATE TABLE `character_banned` (
  `guid` int(10) unsigned NOT NULL DEFAULT '0' COMMENT 'Global Unique Identifier',
  `bandate` int(10) unsigned NOT NULL DEFAULT '0',
  `unbandate` int(10) unsigned NOT NULL DEFAULT '0',
  `bannedby` varchar(50) NOT NULL,
  `banreason` varchar(255) NOT NULL,
  `active` tinyint(3) unsigned NOT NULL DEFAULT '1',
  PRIMARY KEY (`guid`,`bandate`)
) ENGINE=InnoDB DEFAULT CHARSET=utf8 COMMENT='Ban List';
/*!40101 SET character_set_client = @saved_cs_client */;

--
-- Dumping data for table `character_banned`
--

LOCK TABLES `character_banned` WRITE;
/*!40000 ALTER TABLE `character_banned` DISABLE KEYS */;
/*!40000 ALTER TABLE `character_banned` ENABLE KEYS */;
UNLOCK TABLES;

--
-- Table structure for table `character_battleground_data`
--

DROP TABLE IF EXISTS `character_battleground_data`;
/*!40101 SET @saved_cs_client     = @@character_set_client */;
/*!40101 SET character_set_client = utf8 */;
CREATE TABLE `character_battleground_data` (
  `guid` int(10) unsigned NOT NULL DEFAULT '0' COMMENT 'Global Unique Identifier',
  `instanceId` int(10) unsigned NOT NULL COMMENT 'Instance Identifier',
  `team` smallint(5) unsigned NOT NULL,
  `joinX` float NOT NULL DEFAULT '0',
  `joinY` float NOT NULL DEFAULT '0',
  `joinZ` float NOT NULL DEFAULT '0',
  `joinO` float NOT NULL DEFAULT '0',
  `joinMapId` smallint(5) unsigned NOT NULL DEFAULT '0' COMMENT 'Map Identifier',
  `taxiStart` int(10) unsigned NOT NULL DEFAULT '0',
  `taxiEnd` int(10) unsigned NOT NULL DEFAULT '0',
  `mountSpell` mediumint(8) unsigned NOT NULL DEFAULT '0',
  PRIMARY KEY (`guid`)
) ENGINE=InnoDB DEFAULT CHARSET=utf8 COMMENT='Player System';
/*!40101 SET character_set_client = @saved_cs_client */;

--
-- Dumping data for table `character_battleground_data`
--

LOCK TABLES `character_battleground_data` WRITE;
/*!40000 ALTER TABLE `character_battleground_data` DISABLE KEYS */;
INSERT INTO `character_battleground_data` VALUES (12,0,0,0,0,0,0,65535,0,0,0),(13,0,0,0,0,0,0,65535,0,0,0),(14,0,0,0,0,0,0,65535,0,0,0),(15,0,0,0,0,0,0,65535,0,0,0);
/*!40000 ALTER TABLE `character_battleground_data` ENABLE KEYS */;
UNLOCK TABLES;

--
-- Table structure for table `character_battleground_random`
--

DROP TABLE IF EXISTS `character_battleground_random`;
/*!40101 SET @saved_cs_client     = @@character_set_client */;
/*!40101 SET character_set_client = utf8 */;
CREATE TABLE `character_battleground_random` (
  `guid` int(10) unsigned NOT NULL DEFAULT '0',
  PRIMARY KEY (`guid`)
) ENGINE=InnoDB DEFAULT CHARSET=utf8;
/*!40101 SET character_set_client = @saved_cs_client */;

--
-- Dumping data for table `character_battleground_random`
--

LOCK TABLES `character_battleground_random` WRITE;
/*!40000 ALTER TABLE `character_battleground_random` DISABLE KEYS */;
/*!40000 ALTER TABLE `character_battleground_random` ENABLE KEYS */;
UNLOCK TABLES;

--
-- Table structure for table `character_declinedname`
--

DROP TABLE IF EXISTS `character_declinedname`;
/*!40101 SET @saved_cs_client     = @@character_set_client */;
/*!40101 SET character_set_client = utf8 */;
CREATE TABLE `character_declinedname` (
  `guid` int(10) unsigned NOT NULL DEFAULT '0' COMMENT 'Global Unique Identifier',
  `genitive` varchar(15) NOT NULL DEFAULT '',
  `dative` varchar(15) NOT NULL DEFAULT '',
  `accusative` varchar(15) NOT NULL DEFAULT '',
  `instrumental` varchar(15) NOT NULL DEFAULT '',
  `prepositional` varchar(15) NOT NULL DEFAULT '',
  PRIMARY KEY (`guid`)
) ENGINE=InnoDB DEFAULT CHARSET=utf8;
/*!40101 SET character_set_client = @saved_cs_client */;

--
-- Dumping data for table `character_declinedname`
--

LOCK TABLES `character_declinedname` WRITE;
/*!40000 ALTER TABLE `character_declinedname` DISABLE KEYS */;
/*!40000 ALTER TABLE `character_declinedname` ENABLE KEYS */;
UNLOCK TABLES;

--
-- Table structure for table `character_equipmentsets`
--

DROP TABLE IF EXISTS `character_equipmentsets`;
/*!40101 SET @saved_cs_client     = @@character_set_client */;
/*!40101 SET character_set_client = utf8 */;
CREATE TABLE `character_equipmentsets` (
  `guid` int(10) unsigned NOT NULL DEFAULT '0',
  `setguid` bigint(20) unsigned NOT NULL AUTO_INCREMENT,
  `setindex` tinyint(3) unsigned NOT NULL DEFAULT '0',
  `name` varchar(31) NOT NULL,
  `iconname` varchar(100) NOT NULL,
  `ignore_mask` int(11) unsigned NOT NULL DEFAULT '0',
  `item0` int(11) unsigned NOT NULL DEFAULT '0',
  `item1` int(11) unsigned NOT NULL DEFAULT '0',
  `item2` int(11) unsigned NOT NULL DEFAULT '0',
  `item3` int(11) unsigned NOT NULL DEFAULT '0',
  `item4` int(11) unsigned NOT NULL DEFAULT '0',
  `item5` int(11) unsigned NOT NULL DEFAULT '0',
  `item6` int(11) unsigned NOT NULL DEFAULT '0',
  `item7` int(11) unsigned NOT NULL DEFAULT '0',
  `item8` int(11) unsigned NOT NULL DEFAULT '0',
  `item9` int(11) unsigned NOT NULL DEFAULT '0',
  `item10` int(11) unsigned NOT NULL DEFAULT '0',
  `item11` int(11) unsigned NOT NULL DEFAULT '0',
  `item12` int(11) unsigned NOT NULL DEFAULT '0',
  `item13` int(11) unsigned NOT NULL DEFAULT '0',
  `item14` int(11) unsigned NOT NULL DEFAULT '0',
  `item15` int(11) unsigned NOT NULL DEFAULT '0',
  `item16` int(11) unsigned NOT NULL DEFAULT '0',
  `item17` int(11) unsigned NOT NULL DEFAULT '0',
  `item18` int(11) unsigned NOT NULL DEFAULT '0',
  PRIMARY KEY (`setguid`),
  UNIQUE KEY `idx_set` (`guid`,`setguid`,`setindex`),
  KEY `Idx_setindex` (`setindex`)
) ENGINE=InnoDB DEFAULT CHARSET=utf8;
/*!40101 SET character_set_client = @saved_cs_client */;

--
-- Dumping data for table `character_equipmentsets`
--

LOCK TABLES `character_equipmentsets` WRITE;
/*!40000 ALTER TABLE `character_equipmentsets` DISABLE KEYS */;
/*!40000 ALTER TABLE `character_equipmentsets` ENABLE KEYS */;
UNLOCK TABLES;

--
-- Table structure for table `character_fishingsteps`
--

DROP TABLE IF EXISTS `character_fishingsteps`;
/*!40101 SET @saved_cs_client     = @@character_set_client */;
/*!40101 SET character_set_client = utf8 */;
CREATE TABLE `character_fishingsteps` (
  `guid` int(10) unsigned NOT NULL DEFAULT '0' COMMENT 'Global Unique Identifier',
  `fishingSteps` tinyint(3) unsigned NOT NULL DEFAULT '0',
  PRIMARY KEY (`guid`)
) ENGINE=InnoDB DEFAULT CHARSET=utf8;
/*!40101 SET character_set_client = @saved_cs_client */;

--
-- Dumping data for table `character_fishingsteps`
--

LOCK TABLES `character_fishingsteps` WRITE;
/*!40000 ALTER TABLE `character_fishingsteps` DISABLE KEYS */;
/*!40000 ALTER TABLE `character_fishingsteps` ENABLE KEYS */;
UNLOCK TABLES;

--
-- Table structure for table `character_gifts`
--

DROP TABLE IF EXISTS `character_gifts`;
/*!40101 SET @saved_cs_client     = @@character_set_client */;
/*!40101 SET character_set_client = utf8 */;
CREATE TABLE `character_gifts` (
  `guid` int(10) unsigned NOT NULL DEFAULT '0',
  `item_guid` int(10) unsigned NOT NULL DEFAULT '0',
  `entry` int(10) unsigned NOT NULL DEFAULT '0',
  `flags` int(10) unsigned NOT NULL DEFAULT '0',
  PRIMARY KEY (`item_guid`),
  KEY `idx_guid` (`guid`)
) ENGINE=InnoDB DEFAULT CHARSET=utf8;
/*!40101 SET character_set_client = @saved_cs_client */;

--
-- Dumping data for table `character_gifts`
--

LOCK TABLES `character_gifts` WRITE;
/*!40000 ALTER TABLE `character_gifts` DISABLE KEYS */;
/*!40000 ALTER TABLE `character_gifts` ENABLE KEYS */;
UNLOCK TABLES;

--
-- Table structure for table `character_glyphs`
--

DROP TABLE IF EXISTS `character_glyphs`;
/*!40101 SET @saved_cs_client     = @@character_set_client */;
/*!40101 SET character_set_client = utf8 */;
CREATE TABLE `character_glyphs` (
  `guid` int(10) unsigned NOT NULL,
  `talentGroup` tinyint(3) unsigned NOT NULL DEFAULT '0',
  `glyph1` smallint(5) unsigned DEFAULT '0',
  `glyph2` smallint(5) unsigned DEFAULT '0',
  `glyph3` smallint(5) unsigned DEFAULT '0',
  `glyph4` smallint(5) unsigned DEFAULT '0',
  `glyph5` smallint(5) unsigned DEFAULT '0',
  `glyph6` smallint(5) unsigned DEFAULT '0',
  PRIMARY KEY (`guid`,`talentGroup`)
) ENGINE=InnoDB DEFAULT CHARSET=utf8;
/*!40101 SET character_set_client = @saved_cs_client */;

--
-- Dumping data for table `character_glyphs`
--

LOCK TABLES `character_glyphs` WRITE;
/*!40000 ALTER TABLE `character_glyphs` DISABLE KEYS */;
INSERT INTO `character_glyphs` VALUES (12,0,0,0,0,0,0,0),(12,1,0,0,0,0,0,0),(13,0,0,0,0,0,0,0),(14,0,0,0,0,0,0,0),(15,0,0,0,0,0,0,0);
/*!40000 ALTER TABLE `character_glyphs` ENABLE KEYS */;
UNLOCK TABLES;

--
-- Table structure for table `character_homebind`
--

DROP TABLE IF EXISTS `character_homebind`;
/*!40101 SET @saved_cs_client     = @@character_set_client */;
/*!40101 SET character_set_client = utf8 */;
CREATE TABLE `character_homebind` (
  `guid` int(10) unsigned NOT NULL DEFAULT '0' COMMENT 'Global Unique Identifier',
  `mapId` smallint(5) unsigned NOT NULL DEFAULT '0' COMMENT 'Map Identifier',
  `zoneId` smallint(5) unsigned NOT NULL DEFAULT '0' COMMENT 'Zone Identifier',
  `posX` float NOT NULL DEFAULT '0',
  `posY` float NOT NULL DEFAULT '0',
  `posZ` float NOT NULL DEFAULT '0',
  PRIMARY KEY (`guid`)
) ENGINE=InnoDB DEFAULT CHARSET=utf8 COMMENT='Player System';
/*!40101 SET character_set_client = @saved_cs_client */;

--
-- Dumping data for table `character_homebind`
--

LOCK TABLES `character_homebind` WRITE;
/*!40000 ALTER TABLE `character_homebind` DISABLE KEYS */;
INSERT INTO `character_homebind` VALUES (12,530,3665,9477.01,-6857.01,17.4045);
/*!40000 ALTER TABLE `character_homebind` ENABLE KEYS */;
UNLOCK TABLES;

--
-- Table structure for table `character_instance`
--

DROP TABLE IF EXISTS `character_instance`;
/*!40101 SET @saved_cs_client     = @@character_set_client */;
/*!40101 SET character_set_client = utf8 */;
CREATE TABLE `character_instance` (
  `guid` int(10) unsigned NOT NULL DEFAULT '0',
  `instance` int(10) unsigned NOT NULL DEFAULT '0',
  `permanent` tinyint(3) unsigned NOT NULL DEFAULT '0',
  `extendState` tinyint(2) unsigned NOT NULL DEFAULT '1',
  PRIMARY KEY (`guid`,`instance`),
  KEY `instance` (`instance`)
) ENGINE=InnoDB DEFAULT CHARSET=utf8;
/*!40101 SET character_set_client = @saved_cs_client */;

--
-- Dumping data for table `character_instance`
--

LOCK TABLES `character_instance` WRITE;
/*!40000 ALTER TABLE `character_instance` DISABLE KEYS */;
/*!40000 ALTER TABLE `character_instance` ENABLE KEYS */;
UNLOCK TABLES;

--
-- Table structure for table `character_inventory`
--

DROP TABLE IF EXISTS `character_inventory`;
/*!40101 SET @saved_cs_client     = @@character_set_client */;
/*!40101 SET character_set_client = utf8 */;
CREATE TABLE `character_inventory` (
  `guid` int(10) unsigned NOT NULL DEFAULT '0' COMMENT 'Global Unique Identifier',
  `bag` int(10) unsigned NOT NULL DEFAULT '0',
  `slot` tinyint(3) unsigned NOT NULL DEFAULT '0',
  `item` int(10) unsigned NOT NULL DEFAULT '0' COMMENT 'Item Global Unique Identifier',
  PRIMARY KEY (`item`),
  UNIQUE KEY `guid` (`guid`,`bag`,`slot`),
  KEY `idx_guid` (`guid`)
) ENGINE=InnoDB DEFAULT CHARSET=utf8 COMMENT='Player System';
/*!40101 SET character_set_client = @saved_cs_client */;

--
-- Dumping data for table `character_inventory`
--

LOCK TABLES `character_inventory` WRITE;
/*!40000 ALTER TABLE `character_inventory` DISABLE KEYS */;
INSERT INTO `character_inventory` VALUES (12,0,3,571),(12,0,6,573),(12,0,7,575),(12,0,15,577),(12,0,23,579),(12,0,24,623),(12,0,25,628),(12,0,27,620),(13,0,4,581),(13,0,6,583),(13,0,7,585),(13,0,15,587),(13,0,23,589),(14,0,3,591),(14,0,6,593),(14,0,15,597),(14,0,17,599),(14,0,19,601),(14,0,23,595),(14,601,0,603),(15,0,3,605),(15,0,6,609),(15,0,7,607),(15,0,15,613),(15,0,16,615),(15,0,17,611),(15,0,23,617);
/*!40000 ALTER TABLE `character_inventory` ENABLE KEYS */;
UNLOCK TABLES;

--
-- Table structure for table `character_pet`
--

DROP TABLE IF EXISTS `character_pet`;
/*!40101 SET @saved_cs_client     = @@character_set_client */;
/*!40101 SET character_set_client = utf8 */;
CREATE TABLE `character_pet` (
  `id` int(10) unsigned NOT NULL DEFAULT '0',
  `entry` int(10) unsigned NOT NULL DEFAULT '0',
  `owner` int(10) unsigned NOT NULL DEFAULT '0',
  `modelid` int(10) unsigned DEFAULT '0',
  `CreatedBySpell` mediumint(8) unsigned NOT NULL DEFAULT '0',
  `PetType` tinyint(3) unsigned NOT NULL DEFAULT '0',
  `level` smallint(5) unsigned NOT NULL DEFAULT '1',
  `exp` int(10) unsigned NOT NULL DEFAULT '0',
  `Reactstate` tinyint(3) unsigned NOT NULL DEFAULT '0',
  `name` varchar(21) NOT NULL DEFAULT 'Pet',
  `renamed` tinyint(3) unsigned NOT NULL DEFAULT '0',
  `slot` tinyint(3) unsigned NOT NULL DEFAULT '0',
  `curhealth` int(10) unsigned NOT NULL DEFAULT '1',
  `curmana` int(10) unsigned NOT NULL DEFAULT '0',
  `curhappiness` int(10) unsigned NOT NULL DEFAULT '0',
  `savetime` int(10) unsigned NOT NULL DEFAULT '0',
  `abdata` text,
  PRIMARY KEY (`id`),
  KEY `owner` (`owner`),
  KEY `idx_slot` (`slot`)
) ENGINE=InnoDB DEFAULT CHARSET=utf8 COMMENT='Pet System';
/*!40101 SET character_set_client = @saved_cs_client */;

--
-- Dumping data for table `character_pet`
--

LOCK TABLES `character_pet` WRITE;
/*!40000 ALTER TABLE `character_pet` DISABLE KEYS */;
/*!40000 ALTER TABLE `character_pet` ENABLE KEYS */;
UNLOCK TABLES;

--
-- Table structure for table `character_pet_declinedname`
--

DROP TABLE IF EXISTS `character_pet_declinedname`;
/*!40101 SET @saved_cs_client     = @@character_set_client */;
/*!40101 SET character_set_client = utf8 */;
CREATE TABLE `character_pet_declinedname` (
  `id` int(10) unsigned NOT NULL DEFAULT '0',
  `owner` int(10) unsigned NOT NULL DEFAULT '0',
  `genitive` varchar(12) NOT NULL DEFAULT '',
  `dative` varchar(12) NOT NULL DEFAULT '',
  `accusative` varchar(12) NOT NULL DEFAULT '',
  `instrumental` varchar(12) NOT NULL DEFAULT '',
  `prepositional` varchar(12) NOT NULL DEFAULT '',
  PRIMARY KEY (`id`),
  KEY `owner_key` (`owner`)
) ENGINE=InnoDB DEFAULT CHARSET=utf8;
/*!40101 SET character_set_client = @saved_cs_client */;

--
-- Dumping data for table `character_pet_declinedname`
--

LOCK TABLES `character_pet_declinedname` WRITE;
/*!40000 ALTER TABLE `character_pet_declinedname` DISABLE KEYS */;
/*!40000 ALTER TABLE `character_pet_declinedname` ENABLE KEYS */;
UNLOCK TABLES;

--
-- Table structure for table `character_queststatus`
--

DROP TABLE IF EXISTS `character_queststatus`;
/*!40101 SET @saved_cs_client     = @@character_set_client */;
/*!40101 SET character_set_client = utf8 */;
CREATE TABLE `character_queststatus` (
  `guid` int(10) unsigned NOT NULL DEFAULT '0' COMMENT 'Global Unique Identifier',
  `quest` int(10) unsigned NOT NULL DEFAULT '0' COMMENT 'Quest Identifier',
  `status` tinyint(3) unsigned NOT NULL DEFAULT '0',
  `explored` tinyint(3) unsigned NOT NULL DEFAULT '0',
  `timer` int(10) unsigned NOT NULL DEFAULT '0',
  `mobcount1` smallint(5) unsigned NOT NULL DEFAULT '0',
  `mobcount2` smallint(5) unsigned NOT NULL DEFAULT '0',
  `mobcount3` smallint(5) unsigned NOT NULL DEFAULT '0',
  `mobcount4` smallint(5) unsigned NOT NULL DEFAULT '0',
  `itemcount1` smallint(5) unsigned NOT NULL DEFAULT '0',
  `itemcount2` smallint(5) unsigned NOT NULL DEFAULT '0',
  `itemcount3` smallint(5) unsigned NOT NULL DEFAULT '0',
  `itemcount4` smallint(5) unsigned NOT NULL DEFAULT '0',
  `itemcount5` smallint(5) unsigned NOT NULL DEFAULT '0',
  `itemcount6` smallint(5) unsigned NOT NULL DEFAULT '0',
  `playercount` smallint(5) unsigned NOT NULL DEFAULT '0',
  PRIMARY KEY (`guid`,`quest`)
) ENGINE=InnoDB DEFAULT CHARSET=utf8 COMMENT='Player System';
/*!40101 SET character_set_client = @saved_cs_client */;

--
-- Dumping data for table `character_queststatus`
--

LOCK TABLES `character_queststatus` WRITE;
/*!40000 ALTER TABLE `character_queststatus` DISABLE KEYS */;
INSERT INTO `character_queststatus` VALUES (12,9601,1,0,1575781110,0,0,0,0,0,0,0,0,0,0,0),(12,9678,3,0,1575781110,0,0,0,0,0,0,0,0,0,0,0),(12,9723,3,0,1575781236,0,0,0,0,0,0,0,0,0,0,0);
/*!40000 ALTER TABLE `character_queststatus` ENABLE KEYS */;
UNLOCK TABLES;

--
-- Table structure for table `character_queststatus_daily`
--

DROP TABLE IF EXISTS `character_queststatus_daily`;
/*!40101 SET @saved_cs_client     = @@character_set_client */;
/*!40101 SET character_set_client = utf8 */;
CREATE TABLE `character_queststatus_daily` (
  `guid` int(10) unsigned NOT NULL DEFAULT '0' COMMENT 'Global Unique Identifier',
  `quest` int(10) unsigned NOT NULL DEFAULT '0' COMMENT 'Quest Identifier',
  `time` int(10) unsigned NOT NULL DEFAULT '0',
  PRIMARY KEY (`guid`,`quest`),
  KEY `idx_guid` (`guid`)
) ENGINE=InnoDB DEFAULT CHARSET=utf8 COMMENT='Player System';
/*!40101 SET character_set_client = @saved_cs_client */;

--
-- Dumping data for table `character_queststatus_daily`
--

LOCK TABLES `character_queststatus_daily` WRITE;
/*!40000 ALTER TABLE `character_queststatus_daily` DISABLE KEYS */;
/*!40000 ALTER TABLE `character_queststatus_daily` ENABLE KEYS */;
UNLOCK TABLES;

--
-- Table structure for table `character_queststatus_monthly`
--

DROP TABLE IF EXISTS `character_queststatus_monthly`;
/*!40101 SET @saved_cs_client     = @@character_set_client */;
/*!40101 SET character_set_client = utf8 */;
CREATE TABLE `character_queststatus_monthly` (
  `guid` int(10) unsigned NOT NULL DEFAULT '0' COMMENT 'Global Unique Identifier',
  `quest` int(10) unsigned NOT NULL DEFAULT '0' COMMENT 'Quest Identifier',
  PRIMARY KEY (`guid`,`quest`),
  KEY `idx_guid` (`guid`)
) ENGINE=InnoDB DEFAULT CHARSET=utf8 COMMENT='Player System';
/*!40101 SET character_set_client = @saved_cs_client */;

--
-- Dumping data for table `character_queststatus_monthly`
--

LOCK TABLES `character_queststatus_monthly` WRITE;
/*!40000 ALTER TABLE `character_queststatus_monthly` DISABLE KEYS */;
/*!40000 ALTER TABLE `character_queststatus_monthly` ENABLE KEYS */;
UNLOCK TABLES;

--
-- Table structure for table `character_queststatus_rewarded`
--

DROP TABLE IF EXISTS `character_queststatus_rewarded`;
/*!40101 SET @saved_cs_client     = @@character_set_client */;
/*!40101 SET character_set_client = utf8 */;
CREATE TABLE `character_queststatus_rewarded` (
  `guid` int(10) unsigned NOT NULL DEFAULT '0' COMMENT 'Global Unique Identifier',
  `quest` int(10) unsigned NOT NULL DEFAULT '0' COMMENT 'Quest Identifier',
  `active` tinyint(10) unsigned NOT NULL DEFAULT '1',
  PRIMARY KEY (`guid`,`quest`)
) ENGINE=InnoDB DEFAULT CHARSET=utf8 COMMENT='Player System';
/*!40101 SET character_set_client = @saved_cs_client */;

--
-- Dumping data for table `character_queststatus_rewarded`
--

LOCK TABLES `character_queststatus_rewarded` WRITE;
/*!40000 ALTER TABLE `character_queststatus_rewarded` DISABLE KEYS */;
INSERT INTO `character_queststatus_rewarded` VALUES (12,9677,1),(12,9721,1),(12,9722,1);
/*!40000 ALTER TABLE `character_queststatus_rewarded` ENABLE KEYS */;
UNLOCK TABLES;

--
-- Table structure for table `character_queststatus_seasonal`
--

DROP TABLE IF EXISTS `character_queststatus_seasonal`;
/*!40101 SET @saved_cs_client     = @@character_set_client */;
/*!40101 SET character_set_client = utf8 */;
CREATE TABLE `character_queststatus_seasonal` (
  `guid` int(10) unsigned NOT NULL DEFAULT '0' COMMENT 'Global Unique Identifier',
  `quest` int(10) unsigned NOT NULL DEFAULT '0' COMMENT 'Quest Identifier',
  `event` int(10) unsigned NOT NULL DEFAULT '0' COMMENT 'Event Identifier',
  PRIMARY KEY (`guid`,`quest`),
  KEY `idx_guid` (`guid`)
) ENGINE=InnoDB DEFAULT CHARSET=utf8 COMMENT='Player System';
/*!40101 SET character_set_client = @saved_cs_client */;

--
-- Dumping data for table `character_queststatus_seasonal`
--

LOCK TABLES `character_queststatus_seasonal` WRITE;
/*!40000 ALTER TABLE `character_queststatus_seasonal` DISABLE KEYS */;
/*!40000 ALTER TABLE `character_queststatus_seasonal` ENABLE KEYS */;
UNLOCK TABLES;

--
-- Table structure for table `character_queststatus_weekly`
--

DROP TABLE IF EXISTS `character_queststatus_weekly`;
/*!40101 SET @saved_cs_client     = @@character_set_client */;
/*!40101 SET character_set_client = utf8 */;
CREATE TABLE `character_queststatus_weekly` (
  `guid` int(10) unsigned NOT NULL DEFAULT '0' COMMENT 'Global Unique Identifier',
  `quest` int(10) unsigned NOT NULL DEFAULT '0' COMMENT 'Quest Identifier',
  PRIMARY KEY (`guid`,`quest`),
  KEY `idx_guid` (`guid`)
) ENGINE=InnoDB DEFAULT CHARSET=utf8 COMMENT='Player System';
/*!40101 SET character_set_client = @saved_cs_client */;

--
-- Dumping data for table `character_queststatus_weekly`
--

LOCK TABLES `character_queststatus_weekly` WRITE;
/*!40000 ALTER TABLE `character_queststatus_weekly` DISABLE KEYS */;
/*!40000 ALTER TABLE `character_queststatus_weekly` ENABLE KEYS */;
UNLOCK TABLES;

--
-- Table structure for table `character_reputation`
--

DROP TABLE IF EXISTS `character_reputation`;
/*!40101 SET @saved_cs_client     = @@character_set_client */;
/*!40101 SET character_set_client = utf8 */;
CREATE TABLE `character_reputation` (
  `guid` int(10) unsigned NOT NULL DEFAULT '0' COMMENT 'Global Unique Identifier',
  `faction` smallint(5) unsigned NOT NULL DEFAULT '0',
  `standing` int(11) NOT NULL DEFAULT '0',
  `flags` smallint(5) unsigned NOT NULL DEFAULT '0',
  PRIMARY KEY (`guid`,`faction`)
) ENGINE=InnoDB DEFAULT CHARSET=utf8 COMMENT='Player System';
/*!40101 SET character_set_client = @saved_cs_client */;

--
-- Dumping data for table `character_reputation`
--

LOCK TABLES `character_reputation` WRITE;
/*!40000 ALTER TABLE `character_reputation` DISABLE KEYS */;
INSERT INTO `character_reputation` VALUES (12,21,0,64),(12,46,0,4),(12,47,0,6),(12,54,0,6),(12,59,0,16),(12,67,0,25),(12,68,4,17),(12,69,0,6),(12,70,0,2),(12,72,0,6),(12,76,4,17),(12,81,4,17),(12,83,0,4),(12,86,0,4),(12,87,0,2),(12,92,0,2),(12,93,0,2),(12,169,0,12),(12,270,0,16),(12,289,0,4),(12,349,0,0),(12,369,0,64),(12,469,0,14),(12,470,0,64),(12,471,0,22),(12,509,0,2),(12,510,0,16),(12,529,0,0),(12,530,4,17),(12,549,0,4),(12,550,0,4),(12,551,0,4),(12,569,0,4),(12,570,0,4),(12,571,0,4),(12,574,0,4),(12,576,0,2),(12,577,0,64),(12,589,0,6),(12,609,0,1),(12,729,0,16),(12,730,0,2),(12,749,0,0),(12,809,0,16),(12,889,0,16),(12,890,0,6),(12,891,0,0),(12,892,0,24),(12,909,0,16),(12,910,0,2),(12,911,20,17),(12,922,0,16),(12,930,0,6),(12,932,0,82),(12,933,0,16),(12,934,0,80),(12,935,0,16),(12,936,0,28),(12,941,0,16),(12,942,0,16),(12,946,0,2),(12,947,0,16),(12,948,0,8),(12,949,0,24),(12,952,0,0),(12,967,0,16),(12,970,0,0),(12,978,0,2),(12,980,0,0),(12,989,0,16),(12,990,0,16),(12,1005,0,4),(12,1011,0,16),(12,1012,0,16),(12,1015,0,2),(12,1031,0,16),(12,1037,0,6),(12,1038,0,16),(12,1050,0,6),(12,1052,0,152),(12,1064,0,16),(12,1067,0,16),(12,1068,0,6),(12,1073,0,16),(12,1077,0,16),(12,1082,0,2),(12,1085,0,16),(12,1090,0,16),(12,1091,0,16),(12,1094,0,6),(12,1097,0,0),(12,1098,0,16),(12,1104,0,16),(12,1105,0,16),(12,1106,0,16),(12,1117,0,12),(12,1118,0,12),(12,1119,0,2),(12,1124,0,16),(12,1126,0,2),(12,1136,0,4),(12,1137,0,4),(12,1154,0,4),(12,1155,0,4),(12,1156,0,16);
/*!40000 ALTER TABLE `character_reputation` ENABLE KEYS */;
UNLOCK TABLES;

--
-- Table structure for table `character_skills`
--

DROP TABLE IF EXISTS `character_skills`;
/*!40101 SET @saved_cs_client     = @@character_set_client */;
/*!40101 SET character_set_client = utf8 */;
CREATE TABLE `character_skills` (
  `guid` int(10) unsigned NOT NULL COMMENT 'Global Unique Identifier',
  `skill` smallint(5) unsigned NOT NULL,
  `value` smallint(5) unsigned NOT NULL,
  `max` smallint(5) unsigned NOT NULL,
  PRIMARY KEY (`guid`,`skill`)
) ENGINE=InnoDB DEFAULT CHARSET=utf8 COMMENT='Player System';
/*!40101 SET character_set_client = @saved_cs_client */;

--
-- Dumping data for table `character_skills`
--

LOCK TABLES `character_skills` WRITE;
/*!40000 ALTER TABLE `character_skills` DISABLE KEYS */;
INSERT INTO `character_skills` VALUES (12,43,400,400),(12,44,400,400),(12,54,400,400),(12,55,400,400),(12,95,400,400),(12,109,300,300),(12,137,300,300),(12,160,400,400),(12,162,400,400),(12,172,400,400),(12,183,400,400),(12,184,400,400),(12,229,400,400),(12,267,400,400),(12,293,1,1),(12,413,1,1),(12,414,1,1),(12,415,1,1),(12,433,1,1),(12,594,400,400),(12,756,400,400),(12,762,150,150),(12,777,400,400),(12,778,400,400),(13,95,5,5),(13,109,300,300),(13,136,5,5),(13,162,5,5),(13,173,5,5),(13,183,5,5),(13,220,5,5),(13,228,5,5),(13,354,5,5),(13,355,5,5),(13,415,1,1),(13,593,5,5),(13,673,300,300),(13,777,5,5),(13,778,5,5),(14,43,5,5),(14,44,5,5),(14,46,5,5),(14,50,5,5),(14,51,5,5),(14,95,5,5),(14,109,300,300),(14,115,300,300),(14,124,5,5),(14,162,5,5),(14,163,5,5),(14,172,5,5),(14,183,5,5),(14,414,1,1),(14,415,1,1),(14,777,5,5),(14,778,5,5),(15,38,5,5),(15,39,5,5),(15,95,5,5),(15,98,300,300),(15,118,5,5),(15,162,5,5),(15,173,5,5),(15,176,5,5),(15,183,5,5),(15,253,5,5),(15,414,1,1),(15,415,1,1),(15,754,5,5),(15,777,5,5),(15,778,5,5);
/*!40000 ALTER TABLE `character_skills` ENABLE KEYS */;
UNLOCK TABLES;

--
-- Table structure for table `character_social`
--

DROP TABLE IF EXISTS `character_social`;
/*!40101 SET @saved_cs_client     = @@character_set_client */;
/*!40101 SET character_set_client = utf8 */;
CREATE TABLE `character_social` (
  `guid` int(10) unsigned NOT NULL DEFAULT '0' COMMENT 'Character Global Unique Identifier',
  `friend` int(10) unsigned NOT NULL DEFAULT '0' COMMENT 'Friend Global Unique Identifier',
  `flags` tinyint(3) unsigned NOT NULL DEFAULT '0' COMMENT 'Friend Flags',
  `note` varchar(48) NOT NULL DEFAULT '' COMMENT 'Friend Note',
  PRIMARY KEY (`guid`,`friend`,`flags`),
  KEY `friend` (`friend`)
) ENGINE=InnoDB DEFAULT CHARSET=utf8 COMMENT='Player System';
/*!40101 SET character_set_client = @saved_cs_client */;

--
-- Dumping data for table `character_social`
--

LOCK TABLES `character_social` WRITE;
/*!40000 ALTER TABLE `character_social` DISABLE KEYS */;
/*!40000 ALTER TABLE `character_social` ENABLE KEYS */;
UNLOCK TABLES;

--
-- Table structure for table `character_spell`
--

DROP TABLE IF EXISTS `character_spell`;
/*!40101 SET @saved_cs_client     = @@character_set_client */;
/*!40101 SET character_set_client = utf8 */;
CREATE TABLE `character_spell` (
  `guid` int(10) unsigned NOT NULL DEFAULT '0' COMMENT 'Global Unique Identifier',
  `spell` mediumint(8) unsigned NOT NULL DEFAULT '0' COMMENT 'Spell Identifier',
  `active` tinyint(3) unsigned NOT NULL DEFAULT '1',
  `disabled` tinyint(3) unsigned NOT NULL DEFAULT '0',
  PRIMARY KEY (`guid`,`spell`)
) ENGINE=InnoDB DEFAULT CHARSET=utf8 COMMENT='Player System';
/*!40101 SET character_set_client = @saved_cs_client */;

--
-- Dumping data for table `character_spell`
--

LOCK TABLES `character_spell` WRITE;
/*!40000 ALTER TABLE `character_spell` DISABLE KEYS */;
INSERT INTO `character_spell` VALUES (12,498,1,0),(12,642,1,0),(12,1038,1,0),(12,1044,1,0),(12,1152,1,0),(12,3127,1,0),(12,4987,1,0),(12,5502,1,0),(12,6940,1,0),(12,10278,1,0),(12,10308,1,0),(12,10326,1,0),(12,19746,1,0),(12,19752,1,0),(12,20045,1,0),(12,20057,1,0),(12,20066,1,0),(12,20105,1,0),(12,20113,1,0),(12,20121,1,0),(12,20164,1,0),(12,20165,1,0),(12,20166,1,0),(12,20175,1,0),(12,20217,1,0),(12,20266,1,0),(12,20271,1,0),(12,20332,1,0),(12,20337,1,0),(12,20375,1,0),(12,25780,1,0),(12,25898,1,0),(12,25957,1,0),(12,26023,1,0),(12,31789,1,0),(12,31868,1,0),(12,31869,1,0),(12,31872,1,1),(12,31878,1,0),(12,31881,1,0),(12,31884,1,0),(12,32223,1,0),(12,33391,1,0),(12,34767,1,0),(12,34769,1,0),(12,35395,1,0),(12,35397,1,0),(12,48782,1,0),(12,48785,1,0),(12,48788,1,0),(12,48801,1,0),(12,48806,1,0),(12,48817,1,0),(12,48819,1,0),(12,48932,1,0),(12,48934,1,0),(12,48936,1,0),(12,48938,1,0),(12,48942,1,0),(12,48943,1,0),(12,48945,1,0),(12,48947,1,0),(12,53376,1,0),(12,53382,1,0),(12,53385,1,0),(12,53407,1,0),(12,53408,1,0),(12,53488,1,0),(12,53503,1,0),(12,53519,1,0),(12,53601,1,0),(12,53648,1,0),(12,53736,1,0),(12,54043,1,0),(12,54428,1,0),(12,61411,1,0),(12,62124,1,0),(12,64205,1,0);
/*!40000 ALTER TABLE `character_spell` ENABLE KEYS */;
UNLOCK TABLES;

--
-- Table structure for table `character_spell_cooldown`
--

DROP TABLE IF EXISTS `character_spell_cooldown`;
/*!40101 SET @saved_cs_client     = @@character_set_client */;
/*!40101 SET character_set_client = utf8 */;
CREATE TABLE `character_spell_cooldown` (
  `guid` int(10) unsigned NOT NULL DEFAULT '0' COMMENT 'Global Unique Identifier, Low part',
  `spell` mediumint(8) unsigned NOT NULL DEFAULT '0' COMMENT 'Spell Identifier',
  `item` int(10) unsigned NOT NULL DEFAULT '0' COMMENT 'Item Identifier',
  `time` int(10) unsigned NOT NULL DEFAULT '0',
  `categoryId` int(10) unsigned NOT NULL DEFAULT '0' COMMENT 'Spell category Id',
  `categoryEnd` int(10) unsigned NOT NULL DEFAULT '0',
  PRIMARY KEY (`guid`,`spell`)
) ENGINE=InnoDB DEFAULT CHARSET=utf8;
/*!40101 SET character_set_client = @saved_cs_client */;

--
-- Dumping data for table `character_spell_cooldown`
--

LOCK TABLES `character_spell_cooldown` WRITE;
/*!40000 ALTER TABLE `character_spell_cooldown` DISABLE KEYS */;
/*!40000 ALTER TABLE `character_spell_cooldown` ENABLE KEYS */;
UNLOCK TABLES;

--
-- Table structure for table `character_stats`
--

DROP TABLE IF EXISTS `character_stats`;
/*!40101 SET @saved_cs_client     = @@character_set_client */;
/*!40101 SET character_set_client = utf8 */;
CREATE TABLE `character_stats` (
  `guid` int(10) unsigned NOT NULL DEFAULT '0' COMMENT 'Global Unique Identifier, Low part',
  `maxhealth` int(10) unsigned NOT NULL DEFAULT '0',
  `maxpower1` int(10) unsigned NOT NULL DEFAULT '0',
  `maxpower2` int(10) unsigned NOT NULL DEFAULT '0',
  `maxpower3` int(10) unsigned NOT NULL DEFAULT '0',
  `maxpower4` int(10) unsigned NOT NULL DEFAULT '0',
  `maxpower5` int(10) unsigned NOT NULL DEFAULT '0',
  `maxpower6` int(10) unsigned NOT NULL DEFAULT '0',
  `maxpower7` int(10) unsigned NOT NULL DEFAULT '0',
  `strength` int(10) unsigned NOT NULL DEFAULT '0',
  `agility` int(10) unsigned NOT NULL DEFAULT '0',
  `stamina` int(10) unsigned NOT NULL DEFAULT '0',
  `intellect` int(10) unsigned NOT NULL DEFAULT '0',
  `spirit` int(10) unsigned NOT NULL DEFAULT '0',
  `armor` int(10) unsigned NOT NULL DEFAULT '0',
  `resHoly` int(10) unsigned NOT NULL DEFAULT '0',
  `resFire` int(10) unsigned NOT NULL DEFAULT '0',
  `resNature` int(10) unsigned NOT NULL DEFAULT '0',
  `resFrost` int(10) unsigned NOT NULL DEFAULT '0',
  `resShadow` int(10) unsigned NOT NULL DEFAULT '0',
  `resArcane` int(10) unsigned NOT NULL DEFAULT '0',
  `blockPct` float unsigned NOT NULL DEFAULT '0',
  `dodgePct` float unsigned NOT NULL DEFAULT '0',
  `parryPct` float unsigned NOT NULL DEFAULT '0',
  `critPct` float unsigned NOT NULL DEFAULT '0',
  `rangedCritPct` float unsigned NOT NULL DEFAULT '0',
  `spellCritPct` float unsigned NOT NULL DEFAULT '0',
  `attackPower` int(10) unsigned NOT NULL DEFAULT '0',
  `rangedAttackPower` int(10) unsigned NOT NULL DEFAULT '0',
  `spellPower` int(10) unsigned NOT NULL DEFAULT '0',
  `resilience` int(10) unsigned NOT NULL DEFAULT '0',
  PRIMARY KEY (`guid`)
) ENGINE=InnoDB DEFAULT CHARSET=utf8;
/*!40101 SET character_set_client = @saved_cs_client */;

--
-- Dumping data for table `character_stats`
--

LOCK TABLES `character_stats` WRITE;
/*!40000 ALTER TABLE `character_stats` DISABLE KEYS */;
/*!40000 ALTER TABLE `character_stats` ENABLE KEYS */;
UNLOCK TABLES;

--
-- Table structure for table `character_talent`
--

DROP TABLE IF EXISTS `character_talent`;
/*!40101 SET @saved_cs_client     = @@character_set_client */;
/*!40101 SET character_set_client = utf8 */;
CREATE TABLE `character_talent` (
  `guid` int(10) unsigned NOT NULL,
  `spell` mediumint(8) unsigned NOT NULL,
  `talentGroup` tinyint(3) unsigned NOT NULL DEFAULT '0',
  PRIMARY KEY (`guid`,`spell`,`talentGroup`)
) ENGINE=InnoDB DEFAULT CHARSET=utf8;
/*!40101 SET character_set_client = @saved_cs_client */;

--
-- Dumping data for table `character_talent`
--

LOCK TABLES `character_talent` WRITE;
/*!40000 ALTER TABLE `character_talent` DISABLE KEYS */;
INSERT INTO `character_talent` VALUES (12,20045,0),(12,20057,0),(12,20066,0),(12,20105,0),(12,20113,0),(12,20121,0),(12,20175,0),(12,20266,0),(12,20332,0),(12,20337,0),(12,20375,0),(12,25957,0),(12,26023,0),(12,31868,0),(12,31869,0),(12,31878,0),(12,31881,0),(12,35395,0),(12,35397,0),(12,53376,0),(12,53382,0),(12,53385,0),(12,53488,0),(12,53503,0),(12,53519,0),(12,53648,0),(12,64205,0);
/*!40000 ALTER TABLE `character_talent` ENABLE KEYS */;
UNLOCK TABLES;

--
-- Table structure for table `characters`
--

DROP TABLE IF EXISTS `characters`;
/*!40101 SET @saved_cs_client     = @@character_set_client */;
/*!40101 SET character_set_client = utf8 */;
CREATE TABLE `characters` (
  `guid` int(10) unsigned NOT NULL DEFAULT '0' COMMENT 'Global Unique Identifier',
  `account` int(10) unsigned NOT NULL DEFAULT '0' COMMENT 'Account Identifier',
  `name` varchar(12) CHARACTER SET utf8 COLLATE utf8_bin NOT NULL,
  `race` tinyint(3) unsigned NOT NULL DEFAULT '0',
  `class` tinyint(3) unsigned NOT NULL DEFAULT '0',
  `gender` tinyint(3) unsigned NOT NULL DEFAULT '0',
  `level` tinyint(3) unsigned NOT NULL DEFAULT '0',
  `xp` int(10) unsigned NOT NULL DEFAULT '0',
  `money` int(10) unsigned NOT NULL DEFAULT '0',
  `skin` tinyint(3) unsigned NOT NULL DEFAULT '0',
  `face` tinyint(3) unsigned NOT NULL DEFAULT '0',
  `hairStyle` tinyint(3) unsigned NOT NULL DEFAULT '0',
  `hairColor` tinyint(3) unsigned NOT NULL DEFAULT '0',
  `facialStyle` tinyint(3) unsigned NOT NULL DEFAULT '0',
  `bankSlots` tinyint(3) unsigned NOT NULL DEFAULT '0',
  `restState` tinyint(3) unsigned NOT NULL DEFAULT '0',
  `playerFlags` int(10) unsigned NOT NULL DEFAULT '0',
  `position_x` float NOT NULL DEFAULT '0',
  `position_y` float NOT NULL DEFAULT '0',
  `position_z` float NOT NULL DEFAULT '0',
  `map` smallint(5) unsigned NOT NULL DEFAULT '0' COMMENT 'Map Identifier',
  `instance_id` int(10) unsigned NOT NULL DEFAULT '0',
  `instance_mode_mask` tinyint(3) unsigned NOT NULL DEFAULT '0',
  `orientation` float NOT NULL DEFAULT '0',
  `taximask` text NOT NULL,
  `online` tinyint(3) unsigned NOT NULL DEFAULT '0',
  `cinematic` tinyint(3) unsigned NOT NULL DEFAULT '0',
  `totaltime` int(10) unsigned NOT NULL DEFAULT '0',
  `leveltime` int(10) unsigned NOT NULL DEFAULT '0',
  `logout_time` int(10) unsigned NOT NULL DEFAULT '0',
  `is_logout_resting` tinyint(3) unsigned NOT NULL DEFAULT '0',
  `rest_bonus` float NOT NULL DEFAULT '0',
  `resettalents_cost` int(10) unsigned NOT NULL DEFAULT '0',
  `resettalents_time` int(10) unsigned NOT NULL DEFAULT '0',
  `trans_x` float NOT NULL DEFAULT '0',
  `trans_y` float NOT NULL DEFAULT '0',
  `trans_z` float NOT NULL DEFAULT '0',
  `trans_o` float NOT NULL DEFAULT '0',
  `transguid` mediumint(8) unsigned NOT NULL DEFAULT '0',
  `extra_flags` smallint(5) unsigned NOT NULL DEFAULT '0',
  `stable_slots` tinyint(3) unsigned NOT NULL DEFAULT '0',
  `at_login` smallint(5) unsigned NOT NULL DEFAULT '0',
  `zone` smallint(5) unsigned NOT NULL DEFAULT '0',
  `death_expire_time` int(10) unsigned NOT NULL DEFAULT '0',
  `taxi_path` text,
  `arenaPoints` int(10) unsigned NOT NULL DEFAULT '0',
  `totalHonorPoints` int(10) unsigned NOT NULL DEFAULT '0',
  `todayHonorPoints` int(10) unsigned NOT NULL DEFAULT '0',
  `yesterdayHonorPoints` int(10) unsigned NOT NULL DEFAULT '0',
  `totalKills` int(10) unsigned NOT NULL DEFAULT '0',
  `todayKills` smallint(5) unsigned NOT NULL DEFAULT '0',
  `yesterdayKills` smallint(5) unsigned NOT NULL DEFAULT '0',
  `chosenTitle` int(10) unsigned NOT NULL DEFAULT '0',
  `knownCurrencies` bigint(20) unsigned NOT NULL DEFAULT '0',
  `watchedFaction` int(10) unsigned NOT NULL DEFAULT '0',
  `drunk` tinyint(3) unsigned NOT NULL DEFAULT '0',
  `health` int(10) unsigned NOT NULL DEFAULT '0',
  `power1` int(10) unsigned NOT NULL DEFAULT '0',
  `power2` int(10) unsigned NOT NULL DEFAULT '0',
  `power3` int(10) unsigned NOT NULL DEFAULT '0',
  `power4` int(10) unsigned NOT NULL DEFAULT '0',
  `power5` int(10) unsigned NOT NULL DEFAULT '0',
  `power6` int(10) unsigned NOT NULL DEFAULT '0',
  `power7` int(10) unsigned NOT NULL DEFAULT '0',
  `latency` mediumint(8) unsigned NOT NULL DEFAULT '0',
  `talentGroupsCount` tinyint(3) unsigned NOT NULL DEFAULT '1',
  `activeTalentGroup` tinyint(3) unsigned NOT NULL DEFAULT '0',
  `exploredZones` longtext,
  `equipmentCache` longtext,
  `ammoId` int(10) unsigned NOT NULL DEFAULT '0',
  `knownTitles` longtext,
  `actionBars` tinyint(3) unsigned NOT NULL DEFAULT '0',
  `grantableLevels` tinyint(3) unsigned NOT NULL DEFAULT '0',
  `deleteInfos_Account` int(10) unsigned DEFAULT NULL,
  `deleteInfos_Name` varchar(12) DEFAULT NULL,
  `deleteDate` int(10) unsigned DEFAULT NULL,
  PRIMARY KEY (`guid`),
  KEY `idx_account` (`account`),
  KEY `idx_online` (`online`),
  KEY `idx_name` (`name`)
) ENGINE=InnoDB DEFAULT CHARSET=utf8 COMMENT='Player System';
/*!40101 SET character_set_client = @saved_cs_client */;

--
-- Dumping data for table `characters`
--

LOCK TABLES `characters` WRITE;
/*!40000 ALTER TABLE `characters` DISABLE KEYS */;
INSERT INTO `characters` VALUES (12,1,'傲世圣战',10,2,1,80,0,21541,1,6,0,2,2,0,2,0,2325.32,-5279.89,81.8505,0,0,0,1.8959,'6291456 0 393224 4 0 0 1052672 0 0 0 0 0 0 0 ',0,1,4124,4007,1577365037,0,0,10000,1575780631,0,0,0,0,0,8,0,0,139,0,'',0,0,0,0,0,0,0,0,0,4294967295,0,8304,4188,0,0,100,0,0,0,209,2,0,'0 0 0 2147483648 0 524288 0 0 0 0 0 0 8388608 0 0 0 0 0 2147483648 0 0 8192 24 0 0 0 4194304 0 0 0 0 0 0 0 29884800 6144 48 0 0 0 512 0 0 0 2097152 0 0 0 0 90112 0 0 0 0 0 0 0 0 0 0 0 0 0 0 0 0 0 0 0 0 0 0 0 0 0 0 0 0 0 0 0 0 0 0 4 0 0 0 0 0 0 0 0 0 0 0 0 0 0 0 0 0 0 0 0 0 0 0 0 0 0 0 0 0 0 0 0 0 0 0 0 0 0 0 0 0 0 0 ','0 0 0 0 0 0 24143 0 0 0 0 0 24145 0 24146 0 0 0 0 0 0 0 0 0 0 0 0 0 0 0 23346 0 0 0 0 0 0 0 0 0 0 0 0 0 0 0 ',0,'0 0 0 0 0 0 ',15,0,NULL,NULL,NULL),(13,1,'傲世法神',5,9,0,1,0,0,4,1,1,7,0,0,2,0,1676.35,1677.45,121.67,0,0,0,2.70526,'1024 0 0 4 0 0 0 0 0 0 0 0 0 0 ',0,0,0,0,1575779136,0,0,0,0,0,0,0,0,0,0,0,32,85,0,'',0,0,0,0,0,0,0,0,0,4294967295,0,63,90,0,0,100,0,0,0,164,1,0,'0 0 0 0 0 0 0 0 0 0 0 0 0 0 0 0 0 0 0 0 0 0 0 0 0 0 0 0 0 0 0 0 0 0 0 0 0 0 0 0 0 0 0 0 0 0 0 0 0 0 0 0 0 0 0 0 0 0 0 0 0 0 0 0 0 0 0 0 0 0 0 0 0 0 0 0 0 0 0 0 0 0 0 0 0 0 0 0 0 0 0 0 0 0 0 0 0 0 0 0 0 0 0 0 0 0 0 0 0 0 0 0 0 0 0 0 0 0 0 0 0 0 0 0 0 0 0 0 ','0 0 0 0 0 0 0 0 6129 0 0 0 1396 0 59 0 0 0 0 0 0 0 0 0 0 0 0 0 0 0 35 0 0 0 0 0 0 0 0 0 0 0 0 0 0 0 ',0,'0 0 0 0 0 0 ',0,0,NULL,NULL,NULL),(14,1,'猎风',6,3,0,1,0,0,2,2,1,2,1,0,2,0,-2917.58,-257.98,52.9968,1,0,0,0,'2097152 0 0 4 0 0 0 0 0 0 0 0 0 0 ',0,0,0,0,1575779175,0,0,0,0,0,0,0,0,0,0,0,32,215,0,'',0,0,0,0,0,0,0,0,0,4294967295,0,96,65,0,0,100,0,0,0,169,1,0,'0 0 0 0 0 0 0 0 0 0 0 0 0 0 0 0 0 0 0 0 0 0 0 0 0 0 0 0 0 0 0 0 0 0 0 0 0 0 0 0 0 0 0 0 0 0 0 0 0 0 0 0 0 0 0 0 0 0 0 0 0 0 0 0 0 0 0 0 0 0 0 0 0 0 0 0 0 0 0 0 0 0 0 0 0 0 0 0 0 0 0 0 0 0 0 0 0 0 0 0 0 0 0 0 0 0 0 0 0 0 0 0 0 0 0 0 0 0 0 0 0 0 0 0 0 0 0 0 ','0 0 0 0 0 0 127 0 0 0 0 0 6126 0 0 0 0 0 0 0 0 0 0 0 0 0 0 0 0 0 12282 0 0 0 2508 0 0 0 2102 0 0 0 0 0 0 0 ',2516,'0 0 0 0 0 0 ',0,0,NULL,NULL,NULL),(15,1,'月影风刃',1,4,1,1,0,0,3,0,8,0,1,0,2,0,-8949.95,-132.493,83.5312,0,0,0,0,'2 0 0 8 0 0 0 0 0 0 0 0 0 0 ',0,0,0,0,1575779239,0,0,0,0,0,0,0,0,0,0,0,32,12,0,'',0,0,0,0,0,0,0,0,0,4294967295,0,55,0,0,0,100,0,0,0,159,1,0,'0 0 0 0 0 0 0 0 0 0 0 0 0 0 0 0 0 0 0 0 0 0 0 0 0 0 0 0 0 0 0 0 0 0 0 0 0 0 0 0 0 0 0 0 0 0 0 0 0 0 0 0 0 0 0 0 0 0 0 0 0 0 0 0 0 0 0 0 0 0 0 0 0 0 0 0 0 0 0 0 0 0 0 0 0 0 0 0 0 0 0 0 0 0 0 0 0 0 0 0 0 0 0 0 0 0 0 0 0 0 0 0 0 0 0 0 0 0 0 0 0 0 0 0 0 0 0 0 ','0 0 0 0 0 0 49 0 0 0 0 0 48 0 47 0 0 0 0 0 0 0 0 0 0 0 0 0 0 0 2092 0 50055 0 28979 0 0 0 0 0 0 0 0 0 0 0 ',0,'0 0 0 0 0 0 ',0,0,NULL,NULL,NULL);
/*!40000 ALTER TABLE `characters` ENABLE KEYS */;
UNLOCK TABLES;

--
-- Table structure for table `corpse`
--

DROP TABLE IF EXISTS `corpse`;
/*!40101 SET @saved_cs_client     = @@character_set_client */;
/*!40101 SET character_set_client = utf8 */;
CREATE TABLE `corpse` (
  `guid` int(10) unsigned NOT NULL DEFAULT '0' COMMENT 'Character Global Unique Identifier',
  `posX` float NOT NULL DEFAULT '0',
  `posY` float NOT NULL DEFAULT '0',
  `posZ` float NOT NULL DEFAULT '0',
  `orientation` float NOT NULL DEFAULT '0',
  `mapId` smallint(5) unsigned NOT NULL DEFAULT '0' COMMENT 'Map Identifier',
  `phaseMask` int(10) unsigned NOT NULL DEFAULT '1',
  `displayId` int(10) unsigned NOT NULL DEFAULT '0',
  `itemCache` text NOT NULL,
  `bytes1` int(10) unsigned NOT NULL DEFAULT '0',
  `bytes2` int(10) unsigned NOT NULL DEFAULT '0',
  `guildId` int(10) unsigned NOT NULL DEFAULT '0',
  `flags` tinyint(3) unsigned NOT NULL DEFAULT '0',
  `dynFlags` tinyint(3) unsigned NOT NULL DEFAULT '0',
  `time` int(10) unsigned NOT NULL DEFAULT '0',
  `corpseType` tinyint(3) unsigned NOT NULL DEFAULT '0',
  `instanceId` int(10) unsigned NOT NULL DEFAULT '0' COMMENT 'Instance Identifier',
  PRIMARY KEY (`guid`),
  KEY `idx_type` (`corpseType`),
  KEY `idx_instance` (`instanceId`),
  KEY `idx_time` (`time`)
) ENGINE=InnoDB DEFAULT CHARSET=utf8 COMMENT='Death System';
/*!40101 SET character_set_client = @saved_cs_client */;

--
-- Dumping data for table `corpse`
--

LOCK TABLES `corpse` WRITE;
/*!40000 ALTER TABLE `corpse` DISABLE KEYS */;
/*!40000 ALTER TABLE `corpse` ENABLE KEYS */;
UNLOCK TABLES;

--
-- Table structure for table `game_event_condition_save`
--

DROP TABLE IF EXISTS `game_event_condition_save`;
/*!40101 SET @saved_cs_client     = @@character_set_client */;
/*!40101 SET character_set_client = utf8 */;
CREATE TABLE `game_event_condition_save` (
  `eventEntry` tinyint(3) unsigned NOT NULL,
  `condition_id` int(10) unsigned NOT NULL DEFAULT '0',
  `done` float DEFAULT '0',
  PRIMARY KEY (`eventEntry`,`condition_id`)
) ENGINE=InnoDB DEFAULT CHARSET=utf8;
/*!40101 SET character_set_client = @saved_cs_client */;

--
-- Dumping data for table `game_event_condition_save`
--

LOCK TABLES `game_event_condition_save` WRITE;
/*!40000 ALTER TABLE `game_event_condition_save` DISABLE KEYS */;
/*!40000 ALTER TABLE `game_event_condition_save` ENABLE KEYS */;
UNLOCK TABLES;

--
-- Table structure for table `game_event_save`
--

DROP TABLE IF EXISTS `game_event_save`;
/*!40101 SET @saved_cs_client     = @@character_set_client */;
/*!40101 SET character_set_client = utf8 */;
CREATE TABLE `game_event_save` (
  `eventEntry` tinyint(3) unsigned NOT NULL,
  `state` tinyint(3) unsigned NOT NULL DEFAULT '1',
  `next_start` int(10) unsigned NOT NULL DEFAULT '0',
  PRIMARY KEY (`eventEntry`)
) ENGINE=InnoDB DEFAULT CHARSET=utf8;
/*!40101 SET character_set_client = @saved_cs_client */;

--
-- Dumping data for table `game_event_save`
--

LOCK TABLES `game_event_save` WRITE;
/*!40000 ALTER TABLE `game_event_save` DISABLE KEYS */;
/*!40000 ALTER TABLE `game_event_save` ENABLE KEYS */;
UNLOCK TABLES;

--
-- Table structure for table `gm_subsurvey`
--

DROP TABLE IF EXISTS `gm_subsurvey`;
/*!40101 SET @saved_cs_client     = @@character_set_client */;
/*!40101 SET character_set_client = utf8 */;
CREATE TABLE `gm_subsurvey` (
  `surveyId` int(10) unsigned NOT NULL AUTO_INCREMENT,
  `questionId` int(10) unsigned NOT NULL DEFAULT '0',
  `answer` int(10) unsigned NOT NULL DEFAULT '0',
  `answerComment` text NOT NULL,
  PRIMARY KEY (`surveyId`,`questionId`)
) ENGINE=InnoDB DEFAULT CHARSET=utf8 COMMENT='Player System';
/*!40101 SET character_set_client = @saved_cs_client */;

--
-- Dumping data for table `gm_subsurvey`
--

LOCK TABLES `gm_subsurvey` WRITE;
/*!40000 ALTER TABLE `gm_subsurvey` DISABLE KEYS */;
/*!40000 ALTER TABLE `gm_subsurvey` ENABLE KEYS */;
UNLOCK TABLES;

--
-- Table structure for table `gm_survey`
--

DROP TABLE IF EXISTS `gm_survey`;
/*!40101 SET @saved_cs_client     = @@character_set_client */;
/*!40101 SET character_set_client = utf8 */;
CREATE TABLE `gm_survey` (
  `surveyId` int(10) unsigned NOT NULL AUTO_INCREMENT,
  `guid` int(10) unsigned NOT NULL DEFAULT '0',
  `mainSurvey` int(10) unsigned NOT NULL DEFAULT '0',
  `comment` longtext NOT NULL,
  `createTime` int(10) unsigned NOT NULL DEFAULT '0',
  PRIMARY KEY (`surveyId`)
) ENGINE=InnoDB DEFAULT CHARSET=utf8 COMMENT='Player System';
/*!40101 SET character_set_client = @saved_cs_client */;

--
-- Dumping data for table `gm_survey`
--

LOCK TABLES `gm_survey` WRITE;
/*!40000 ALTER TABLE `gm_survey` DISABLE KEYS */;
/*!40000 ALTER TABLE `gm_survey` ENABLE KEYS */;
UNLOCK TABLES;

--
-- Table structure for table `gm_ticket`
--

DROP TABLE IF EXISTS `gm_ticket`;
/*!40101 SET @saved_cs_client     = @@character_set_client */;
/*!40101 SET character_set_client = utf8 */;
CREATE TABLE `gm_ticket` (
  `id` int(10) unsigned NOT NULL AUTO_INCREMENT,
  `type` tinyint(3) unsigned NOT NULL DEFAULT '0' COMMENT '0 open, 1 closed, 2 character deleted',
  `playerGuid` int(10) unsigned NOT NULL DEFAULT '0' COMMENT 'Global Unique Identifier of ticket creator',
  `name` varchar(12) NOT NULL COMMENT 'Name of ticket creator',
  `description` text NOT NULL,
  `createTime` int(10) unsigned NOT NULL DEFAULT '0',
  `mapId` smallint(5) unsigned NOT NULL DEFAULT '0',
  `posX` float NOT NULL DEFAULT '0',
  `posY` float NOT NULL DEFAULT '0',
  `posZ` float NOT NULL DEFAULT '0',
  `lastModifiedTime` int(10) unsigned NOT NULL DEFAULT '0',
  `closedBy` int(10) NOT NULL DEFAULT '0',
  `assignedTo` int(10) unsigned NOT NULL DEFAULT '0' COMMENT 'GUID of admin to whom ticket is assigned',
  `comment` text NOT NULL,
  `response` text NOT NULL,
  `completed` tinyint(3) unsigned NOT NULL DEFAULT '0',
  `escalated` tinyint(3) unsigned NOT NULL DEFAULT '0',
  `viewed` tinyint(3) unsigned NOT NULL DEFAULT '0',
  `needMoreHelp` tinyint(3) unsigned NOT NULL DEFAULT '0',
  `resolvedBy` int(10) NOT NULL DEFAULT '0' COMMENT 'GUID of GM who resolved the ticket',
  PRIMARY KEY (`id`)
) ENGINE=InnoDB DEFAULT CHARSET=utf8 COMMENT='Player System';
/*!40101 SET character_set_client = @saved_cs_client */;

--
-- Dumping data for table `gm_ticket`
--

LOCK TABLES `gm_ticket` WRITE;
/*!40000 ALTER TABLE `gm_ticket` DISABLE KEYS */;
/*!40000 ALTER TABLE `gm_ticket` ENABLE KEYS */;
UNLOCK TABLES;

--
-- Table structure for table `group_instance`
--

DROP TABLE IF EXISTS `group_instance`;
/*!40101 SET @saved_cs_client     = @@character_set_client */;
/*!40101 SET character_set_client = utf8 */;
CREATE TABLE `group_instance` (
  `guid` int(10) unsigned NOT NULL DEFAULT '0',
  `instance` int(10) unsigned NOT NULL DEFAULT '0',
  `permanent` tinyint(3) unsigned NOT NULL DEFAULT '0',
  PRIMARY KEY (`guid`,`instance`),
  KEY `instance` (`instance`)
) ENGINE=InnoDB DEFAULT CHARSET=utf8;
/*!40101 SET character_set_client = @saved_cs_client */;

--
-- Dumping data for table `group_instance`
--

LOCK TABLES `group_instance` WRITE;
/*!40000 ALTER TABLE `group_instance` DISABLE KEYS */;
/*!40000 ALTER TABLE `group_instance` ENABLE KEYS */;
UNLOCK TABLES;

--
-- Table structure for table `group_member`
--

DROP TABLE IF EXISTS `group_member`;
/*!40101 SET @saved_cs_client     = @@character_set_client */;
/*!40101 SET character_set_client = utf8 */;
CREATE TABLE `group_member` (
  `guid` int(10) unsigned NOT NULL,
  `memberGuid` int(10) unsigned NOT NULL,
  `memberFlags` tinyint(3) unsigned NOT NULL DEFAULT '0',
  `subgroup` tinyint(3) unsigned NOT NULL DEFAULT '0',
  `roles` tinyint(3) unsigned NOT NULL DEFAULT '0',
  PRIMARY KEY (`memberGuid`)
) ENGINE=InnoDB DEFAULT CHARSET=utf8 COMMENT='Groups';
/*!40101 SET character_set_client = @saved_cs_client */;

--
-- Dumping data for table `group_member`
--

LOCK TABLES `group_member` WRITE;
/*!40000 ALTER TABLE `group_member` DISABLE KEYS */;
/*!40000 ALTER TABLE `group_member` ENABLE KEYS */;
UNLOCK TABLES;

--
-- Table structure for table `groups`
--

DROP TABLE IF EXISTS `groups`;
/*!40101 SET @saved_cs_client     = @@character_set_client */;
/*!40101 SET character_set_client = utf8 */;
CREATE TABLE `groups` (
  `guid` int(10) unsigned NOT NULL,
  `leaderGuid` int(10) unsigned NOT NULL,
  `lootMethod` tinyint(3) unsigned NOT NULL,
  `looterGuid` int(10) unsigned NOT NULL,
  `lootThreshold` tinyint(3) unsigned NOT NULL,
  `icon1` bigint(20) unsigned NOT NULL,
  `icon2` bigint(20) unsigned NOT NULL,
  `icon3` bigint(20) unsigned NOT NULL,
  `icon4` bigint(20) unsigned NOT NULL,
  `icon5` bigint(20) unsigned NOT NULL,
  `icon6` bigint(20) unsigned NOT NULL,
  `icon7` bigint(20) unsigned NOT NULL,
  `icon8` bigint(20) unsigned NOT NULL,
  `groupType` tinyint(3) unsigned NOT NULL,
  `difficulty` tinyint(3) unsigned NOT NULL DEFAULT '0',
  `raidDifficulty` tinyint(3) unsigned NOT NULL DEFAULT '0',
  `masterLooterGuid` int(10) unsigned NOT NULL,
  PRIMARY KEY (`guid`),
  KEY `leaderGuid` (`leaderGuid`)
) ENGINE=InnoDB DEFAULT CHARSET=utf8 COMMENT='Groups';
/*!40101 SET character_set_client = @saved_cs_client */;

--
-- Dumping data for table `groups`
--

LOCK TABLES `groups` WRITE;
/*!40000 ALTER TABLE `groups` DISABLE KEYS */;
/*!40000 ALTER TABLE `groups` ENABLE KEYS */;
UNLOCK TABLES;

--
-- Table structure for table `guild`
--

DROP TABLE IF EXISTS `guild`;
/*!40101 SET @saved_cs_client     = @@character_set_client */;
/*!40101 SET character_set_client = utf8 */;
CREATE TABLE `guild` (
  `guildid` int(10) unsigned NOT NULL DEFAULT '0',
  `name` varchar(24) NOT NULL DEFAULT '',
  `leaderguid` int(10) unsigned NOT NULL DEFAULT '0',
  `EmblemStyle` tinyint(3) unsigned NOT NULL DEFAULT '0',
  `EmblemColor` tinyint(3) unsigned NOT NULL DEFAULT '0',
  `BorderStyle` tinyint(3) unsigned NOT NULL DEFAULT '0',
  `BorderColor` tinyint(3) unsigned NOT NULL DEFAULT '0',
  `BackgroundColor` tinyint(3) unsigned NOT NULL DEFAULT '0',
  `info` varchar(500) NOT NULL DEFAULT '',
  `motd` varchar(128) NOT NULL DEFAULT '',
  `createdate` int(10) unsigned NOT NULL DEFAULT '0',
  `BankMoney` bigint(20) unsigned NOT NULL DEFAULT '0',
  PRIMARY KEY (`guildid`)
) ENGINE=InnoDB DEFAULT CHARSET=utf8 COMMENT='Guild System';
/*!40101 SET character_set_client = @saved_cs_client */;

--
-- Dumping data for table `guild`
--

LOCK TABLES `guild` WRITE;
/*!40000 ALTER TABLE `guild` DISABLE KEYS */;
/*!40000 ALTER TABLE `guild` ENABLE KEYS */;
UNLOCK TABLES;

--
-- Table structure for table `guild_bank_eventlog`
--

DROP TABLE IF EXISTS `guild_bank_eventlog`;
/*!40101 SET @saved_cs_client     = @@character_set_client */;
/*!40101 SET character_set_client = utf8 */;
CREATE TABLE `guild_bank_eventlog` (
  `guildid` int(10) unsigned NOT NULL DEFAULT '0' COMMENT 'Guild Identificator',
  `LogGuid` int(10) unsigned NOT NULL DEFAULT '0' COMMENT 'Log record identificator - auxiliary column',
  `TabId` tinyint(3) unsigned NOT NULL DEFAULT '0' COMMENT 'Guild bank TabId',
  `EventType` tinyint(3) unsigned NOT NULL DEFAULT '0' COMMENT 'Event type',
  `PlayerGuid` int(10) unsigned NOT NULL DEFAULT '0',
  `ItemOrMoney` int(10) unsigned NOT NULL DEFAULT '0',
  `ItemStackCount` smallint(5) unsigned NOT NULL DEFAULT '0',
  `DestTabId` tinyint(3) unsigned NOT NULL DEFAULT '0' COMMENT 'Destination Tab Id',
  `TimeStamp` int(10) unsigned NOT NULL DEFAULT '0' COMMENT 'Event UNIX time',
  PRIMARY KEY (`guildid`,`LogGuid`,`TabId`),
  KEY `guildid_key` (`guildid`),
  KEY `Idx_PlayerGuid` (`PlayerGuid`),
  KEY `Idx_LogGuid` (`LogGuid`)
) ENGINE=InnoDB DEFAULT CHARSET=utf8;
/*!40101 SET character_set_client = @saved_cs_client */;

--
-- Dumping data for table `guild_bank_eventlog`
--

LOCK TABLES `guild_bank_eventlog` WRITE;
/*!40000 ALTER TABLE `guild_bank_eventlog` DISABLE KEYS */;
/*!40000 ALTER TABLE `guild_bank_eventlog` ENABLE KEYS */;
UNLOCK TABLES;

--
-- Table structure for table `guild_bank_item`
--

DROP TABLE IF EXISTS `guild_bank_item`;
/*!40101 SET @saved_cs_client     = @@character_set_client */;
/*!40101 SET character_set_client = utf8 */;
CREATE TABLE `guild_bank_item` (
  `guildid` int(10) unsigned NOT NULL DEFAULT '0',
  `TabId` tinyint(3) unsigned NOT NULL DEFAULT '0',
  `SlotId` tinyint(3) unsigned NOT NULL DEFAULT '0',
  `item_guid` int(10) unsigned NOT NULL DEFAULT '0',
  PRIMARY KEY (`guildid`,`TabId`,`SlotId`),
  KEY `guildid_key` (`guildid`),
  KEY `Idx_item_guid` (`item_guid`)
) ENGINE=InnoDB DEFAULT CHARSET=utf8;
/*!40101 SET character_set_client = @saved_cs_client */;

--
-- Dumping data for table `guild_bank_item`
--

LOCK TABLES `guild_bank_item` WRITE;
/*!40000 ALTER TABLE `guild_bank_item` DISABLE KEYS */;
/*!40000 ALTER TABLE `guild_bank_item` ENABLE KEYS */;
UNLOCK TABLES;

--
-- Table structure for table `guild_bank_right`
--

DROP TABLE IF EXISTS `guild_bank_right`;
/*!40101 SET @saved_cs_client     = @@character_set_client */;
/*!40101 SET character_set_client = utf8 */;
CREATE TABLE `guild_bank_right` (
  `guildid` int(10) unsigned NOT NULL DEFAULT '0',
  `TabId` tinyint(3) unsigned NOT NULL DEFAULT '0',
  `rid` tinyint(3) unsigned NOT NULL DEFAULT '0',
  `gbright` tinyint(3) unsigned NOT NULL DEFAULT '0',
  `SlotPerDay` int(10) unsigned NOT NULL DEFAULT '0',
  PRIMARY KEY (`guildid`,`TabId`,`rid`),
  KEY `guildid_key` (`guildid`)
) ENGINE=InnoDB DEFAULT CHARSET=utf8;
/*!40101 SET character_set_client = @saved_cs_client */;

--
-- Dumping data for table `guild_bank_right`
--

LOCK TABLES `guild_bank_right` WRITE;
/*!40000 ALTER TABLE `guild_bank_right` DISABLE KEYS */;
/*!40000 ALTER TABLE `guild_bank_right` ENABLE KEYS */;
UNLOCK TABLES;

--
-- Table structure for table `guild_bank_tab`
--

DROP TABLE IF EXISTS `guild_bank_tab`;
/*!40101 SET @saved_cs_client     = @@character_set_client */;
/*!40101 SET character_set_client = utf8 */;
CREATE TABLE `guild_bank_tab` (
  `guildid` int(10) unsigned NOT NULL DEFAULT '0',
  `TabId` tinyint(3) unsigned NOT NULL DEFAULT '0',
  `TabName` varchar(16) NOT NULL DEFAULT '',
  `TabIcon` varchar(100) NOT NULL DEFAULT '',
  `TabText` varchar(500) DEFAULT NULL,
  PRIMARY KEY (`guildid`,`TabId`),
  KEY `guildid_key` (`guildid`)
) ENGINE=InnoDB DEFAULT CHARSET=utf8;
/*!40101 SET character_set_client = @saved_cs_client */;

--
-- Dumping data for table `guild_bank_tab`
--

LOCK TABLES `guild_bank_tab` WRITE;
/*!40000 ALTER TABLE `guild_bank_tab` DISABLE KEYS */;
/*!40000 ALTER TABLE `guild_bank_tab` ENABLE KEYS */;
UNLOCK TABLES;

--
-- Table structure for table `guild_eventlog`
--

DROP TABLE IF EXISTS `guild_eventlog`;
/*!40101 SET @saved_cs_client     = @@character_set_client */;
/*!40101 SET character_set_client = utf8 */;
CREATE TABLE `guild_eventlog` (
  `guildid` int(10) unsigned NOT NULL COMMENT 'Guild Identificator',
  `LogGuid` int(10) unsigned NOT NULL COMMENT 'Log record identificator - auxiliary column',
  `EventType` tinyint(3) unsigned NOT NULL COMMENT 'Event type',
  `PlayerGuid1` int(10) unsigned NOT NULL COMMENT 'Player 1',
  `PlayerGuid2` int(10) unsigned NOT NULL COMMENT 'Player 2',
  `NewRank` tinyint(3) unsigned NOT NULL COMMENT 'New rank(in case promotion/demotion)',
  `TimeStamp` int(10) unsigned NOT NULL COMMENT 'Event UNIX time',
  PRIMARY KEY (`guildid`,`LogGuid`),
  KEY `Idx_PlayerGuid1` (`PlayerGuid1`),
  KEY `Idx_PlayerGuid2` (`PlayerGuid2`),
  KEY `Idx_LogGuid` (`LogGuid`)
) ENGINE=InnoDB DEFAULT CHARSET=utf8 COMMENT='Guild Eventlog';
/*!40101 SET character_set_client = @saved_cs_client */;

--
-- Dumping data for table `guild_eventlog`
--

LOCK TABLES `guild_eventlog` WRITE;
/*!40000 ALTER TABLE `guild_eventlog` DISABLE KEYS */;
/*!40000 ALTER TABLE `guild_eventlog` ENABLE KEYS */;
UNLOCK TABLES;

--
-- Table structure for table `guild_member`
--

DROP TABLE IF EXISTS `guild_member`;
/*!40101 SET @saved_cs_client     = @@character_set_client */;
/*!40101 SET character_set_client = utf8 */;
CREATE TABLE `guild_member` (
  `guildid` int(10) unsigned NOT NULL COMMENT 'Guild Identificator',
  `guid` int(10) unsigned NOT NULL,
  `rank` tinyint(3) unsigned NOT NULL,
  `pnote` varchar(31) NOT NULL DEFAULT '',
  `offnote` varchar(31) NOT NULL DEFAULT '',
  UNIQUE KEY `guid_key` (`guid`),
  KEY `guildid_key` (`guildid`),
  KEY `guildid_rank_key` (`guildid`,`rank`)
) ENGINE=InnoDB DEFAULT CHARSET=utf8 COMMENT='Guild System';
/*!40101 SET character_set_client = @saved_cs_client */;

--
-- Dumping data for table `guild_member`
--

LOCK TABLES `guild_member` WRITE;
/*!40000 ALTER TABLE `guild_member` DISABLE KEYS */;
/*!40000 ALTER TABLE `guild_member` ENABLE KEYS */;
UNLOCK TABLES;

--
-- Table structure for table `guild_member_withdraw`
--

DROP TABLE IF EXISTS `guild_member_withdraw`;
/*!40101 SET @saved_cs_client     = @@character_set_client */;
/*!40101 SET character_set_client = utf8 */;
CREATE TABLE `guild_member_withdraw` (
  `guid` int(10) unsigned NOT NULL,
  `tab0` int(10) unsigned NOT NULL DEFAULT '0',
  `tab1` int(10) unsigned NOT NULL DEFAULT '0',
  `tab2` int(10) unsigned NOT NULL DEFAULT '0',
  `tab3` int(10) unsigned NOT NULL DEFAULT '0',
  `tab4` int(10) unsigned NOT NULL DEFAULT '0',
  `tab5` int(10) unsigned NOT NULL DEFAULT '0',
  `money` int(10) unsigned NOT NULL DEFAULT '0',
  PRIMARY KEY (`guid`)
) ENGINE=InnoDB DEFAULT CHARSET=utf8 COMMENT='Guild Member Daily Withdraws';
/*!40101 SET character_set_client = @saved_cs_client */;

--
-- Dumping data for table `guild_member_withdraw`
--

LOCK TABLES `guild_member_withdraw` WRITE;
/*!40000 ALTER TABLE `guild_member_withdraw` DISABLE KEYS */;
/*!40000 ALTER TABLE `guild_member_withdraw` ENABLE KEYS */;
UNLOCK TABLES;

--
-- Table structure for table `guild_rank`
--

DROP TABLE IF EXISTS `guild_rank`;
/*!40101 SET @saved_cs_client     = @@character_set_client */;
/*!40101 SET character_set_client = utf8 */;
CREATE TABLE `guild_rank` (
  `guildid` int(10) unsigned NOT NULL DEFAULT '0',
  `rid` tinyint(3) unsigned NOT NULL,
  `rname` varchar(20) NOT NULL DEFAULT '',
  `rights` mediumint(8) unsigned NOT NULL DEFAULT '0',
  `BankMoneyPerDay` int(10) unsigned NOT NULL DEFAULT '0',
  PRIMARY KEY (`guildid`,`rid`),
  KEY `Idx_rid` (`rid`)
) ENGINE=InnoDB DEFAULT CHARSET=utf8 COMMENT='Guild System';
/*!40101 SET character_set_client = @saved_cs_client */;

--
-- Dumping data for table `guild_rank`
--

LOCK TABLES `guild_rank` WRITE;
/*!40000 ALTER TABLE `guild_rank` DISABLE KEYS */;
/*!40000 ALTER TABLE `guild_rank` ENABLE KEYS */;
UNLOCK TABLES;

--
-- Table structure for table `instance`
--

DROP TABLE IF EXISTS `instance`;
/*!40101 SET @saved_cs_client     = @@character_set_client */;
/*!40101 SET character_set_client = utf8 */;
CREATE TABLE `instance` (
  `id` int(10) unsigned NOT NULL DEFAULT '0',
  `map` smallint(5) unsigned NOT NULL DEFAULT '0',
  `resettime` bigint(20) unsigned NOT NULL DEFAULT '0',
  `difficulty` tinyint(3) unsigned NOT NULL DEFAULT '0',
  `completedEncounters` int(10) unsigned NOT NULL DEFAULT '0',
  `data` tinytext NOT NULL,
  PRIMARY KEY (`id`),
  KEY `map` (`map`),
  KEY `resettime` (`resettime`),
  KEY `difficulty` (`difficulty`)
) ENGINE=InnoDB DEFAULT CHARSET=utf8;
/*!40101 SET character_set_client = @saved_cs_client */;

--
-- Dumping data for table `instance`
--

LOCK TABLES `instance` WRITE;
/*!40000 ALTER TABLE `instance` DISABLE KEYS */;
/*!40000 ALTER TABLE `instance` ENABLE KEYS */;
UNLOCK TABLES;

--
-- Table structure for table `instance_reset`
--

DROP TABLE IF EXISTS `instance_reset`;
/*!40101 SET @saved_cs_client     = @@character_set_client */;
/*!40101 SET character_set_client = utf8 */;
CREATE TABLE `instance_reset` (
  `mapid` smallint(5) unsigned NOT NULL DEFAULT '0',
  `difficulty` tinyint(3) unsigned NOT NULL DEFAULT '0',
  `resettime` bigint(20) unsigned NOT NULL DEFAULT '0',
  PRIMARY KEY (`mapid`,`difficulty`),
  KEY `difficulty` (`difficulty`)
) ENGINE=InnoDB DEFAULT CHARSET=utf8;
/*!40101 SET character_set_client = @saved_cs_client */;

--
-- Dumping data for table `instance_reset`
--

LOCK TABLES `instance_reset` WRITE;
/*!40000 ALTER TABLE `instance_reset` DISABLE KEYS */;
INSERT INTO `instance_reset` VALUES (249,0,1579118400),(249,1,1579118400),(269,1,1579118400),(309,0,1579118400),(409,0,1579118400),(469,0,1579118400),(509,0,1579118400),(531,0,1579118400),(532,0,1579118400),(533,0,1579118400),(533,1,1579118400),(534,0,1579118400),(540,1,1579118400),(542,1,1579118400),(543,1,1579118400),(544,0,1579118400),(545,1,1579118400),(546,1,1579118400),(547,1,1579118400),(548,0,1579118400),(550,0,1579118400),(552,1,1579118400),(553,1,1579118400),(554,1,1579118400),(555,1,1579118400),(556,1,1579118400),(557,1,1579118400),(558,1,1579118400),(560,1,1579118400),(564,0,1579118400),(565,0,1579118400),(568,0,1579118400),(574,1,1579118400),(575,1,1579118400),(576,1,1579118400),(578,1,1579118400),(580,0,1579118400),(585,1,1579118400),(595,1,1579118400),(598,1,1579118400),(599,1,1579118400),(600,1,1579118400),(601,1,1579118400),(602,1,1579118400),(603,0,1579118400),(603,1,1579118400),(604,1,1579118400),(608,1,1579118400),(615,0,1579118400),(615,1,1579118400),(616,0,1579118400),(616,1,1579118400),(619,1,1579118400),(624,0,1579118400),(624,1,1579118400),(631,0,1579118400),(631,1,1579118400),(631,2,1579118400),(631,3,1579118400),(632,1,1579118400),(649,0,1579118400),(649,1,1579118400),(649,2,1579118400),(649,3,1579118400),(650,1,1579118400),(658,1,1579118400),(668,1,1579118400),(724,0,1579118400),(724,1,1579118400),(724,2,1579118400),(724,3,1579118400);
/*!40000 ALTER TABLE `instance_reset` ENABLE KEYS */;
UNLOCK TABLES;

--
-- Table structure for table `item_instance`
--

DROP TABLE IF EXISTS `item_instance`;
/*!40101 SET @saved_cs_client     = @@character_set_client */;
/*!40101 SET character_set_client = utf8 */;
CREATE TABLE `item_instance` (
  `guid` int(10) unsigned NOT NULL DEFAULT '0',
  `itemEntry` mediumint(8) unsigned NOT NULL DEFAULT '0',
  `owner_guid` int(10) unsigned NOT NULL DEFAULT '0',
  `creatorGuid` int(10) unsigned NOT NULL DEFAULT '0',
  `giftCreatorGuid` int(10) unsigned NOT NULL DEFAULT '0',
  `count` int(10) unsigned NOT NULL DEFAULT '1',
  `duration` int(10) NOT NULL DEFAULT '0',
  `charges` tinytext,
  `flags` mediumint(8) unsigned NOT NULL DEFAULT '0',
  `enchantments` text NOT NULL,
  `randomPropertyId` smallint(5) NOT NULL DEFAULT '0',
  `durability` smallint(5) unsigned NOT NULL DEFAULT '0',
  `playedTime` int(10) unsigned NOT NULL DEFAULT '0',
  `text` text,
  PRIMARY KEY (`guid`),
  KEY `idx_owner_guid` (`owner_guid`)
) ENGINE=InnoDB DEFAULT CHARSET=utf8 COMMENT='Item System';
/*!40101 SET character_set_client = @saved_cs_client */;

--
-- Dumping data for table `item_instance`
--

LOCK TABLES `item_instance` WRITE;
/*!40000 ALTER TABLE `item_instance` DISABLE KEYS */;
INSERT INTO `item_instance` VALUES (571,24143,12,0,0,1,0,'0 0 0 0 0 ',0,'0 0 0 0 0 0 0 0 0 0 0 0 0 0 0 0 0 0 0 0 0 0 0 0 0 0 0 0 0 0 0 0 0 0 0 0 ',0,0,0,''),(573,24145,12,0,0,1,0,'0 0 0 0 0 ',0,'0 0 0 0 0 0 0 0 0 0 0 0 0 0 0 0 0 0 0 0 0 0 0 0 0 0 0 0 0 0 0 0 0 0 0 0 ',0,25,0,''),(575,24146,12,0,0,1,0,'0 0 0 0 0 ',0,'0 0 0 0 0 0 0 0 0 0 0 0 0 0 0 0 0 0 0 0 0 0 0 0 0 0 0 0 0 0 0 0 0 0 0 0 ',0,16,0,''),(577,23346,12,0,0,1,0,'0 0 0 0 0 ',0,'0 0 0 0 0 0 0 0 0 0 0 0 0 0 0 0 0 0 0 0 0 0 0 0 0 0 0 0 0 0 0 0 0 0 0 0 ',0,25,0,''),(579,6948,12,0,0,1,0,'0 0 0 0 0 ',1,'0 0 0 0 0 0 0 0 0 0 0 0 0 0 0 0 0 0 0 0 0 0 0 0 0 0 0 0 0 0 0 0 0 0 0 0 ',0,0,0,''),(581,6129,13,0,0,1,0,'0 0 0 0 0 ',0,'0 0 0 0 0 0 0 0 0 0 0 0 0 0 0 0 0 0 0 0 0 0 0 0 0 0 0 0 0 0 0 0 0 0 0 0 ',0,35,0,''),(583,1396,13,0,0,1,0,'0 0 0 0 0 ',0,'0 0 0 0 0 0 0 0 0 0 0 0 0 0 0 0 0 0 0 0 0 0 0 0 0 0 0 0 0 0 0 0 0 0 0 0 ',0,25,0,''),(585,59,13,0,0,1,0,'0 0 0 0 0 ',0,'0 0 0 0 0 0 0 0 0 0 0 0 0 0 0 0 0 0 0 0 0 0 0 0 0 0 0 0 0 0 0 0 0 0 0 0 ',0,0,0,''),(587,35,13,0,0,1,0,'0 0 0 0 0 ',0,'0 0 0 0 0 0 0 0 0 0 0 0 0 0 0 0 0 0 0 0 0 0 0 0 0 0 0 0 0 0 0 0 0 0 0 0 ',0,25,0,''),(589,6948,13,0,0,1,0,'0 0 0 0 0 ',1,'0 0 0 0 0 0 0 0 0 0 0 0 0 0 0 0 0 0 0 0 0 0 0 0 0 0 0 0 0 0 0 0 0 0 0 0 ',0,0,0,''),(591,127,14,0,0,1,0,'0 0 0 0 0 ',0,'0 0 0 0 0 0 0 0 0 0 0 0 0 0 0 0 0 0 0 0 0 0 0 0 0 0 0 0 0 0 0 0 0 0 0 0 ',0,0,0,''),(593,6126,14,0,0,1,0,'0 0 0 0 0 ',0,'0 0 0 0 0 0 0 0 0 0 0 0 0 0 0 0 0 0 0 0 0 0 0 0 0 0 0 0 0 0 0 0 0 0 0 0 ',0,25,0,''),(595,6948,14,0,0,1,0,'0 0 0 0 0 ',1,'0 0 0 0 0 0 0 0 0 0 0 0 0 0 0 0 0 0 0 0 0 0 0 0 0 0 0 0 0 0 0 0 0 0 0 0 ',0,0,0,''),(597,12282,14,0,0,1,0,'0 0 0 0 0 ',0,'0 0 0 0 0 0 0 0 0 0 0 0 0 0 0 0 0 0 0 0 0 0 0 0 0 0 0 0 0 0 0 0 0 0 0 0 ',0,25,0,''),(599,2508,14,0,0,1,0,'0 0 0 0 0 ',0,'0 0 0 0 0 0 0 0 0 0 0 0 0 0 0 0 0 0 0 0 0 0 0 0 0 0 0 0 0 0 0 0 0 0 0 0 ',0,20,0,''),(601,2102,14,0,0,1,0,'0 0 0 0 0 ',0,'0 0 0 0 0 0 0 0 0 0 0 0 0 0 0 0 0 0 0 0 0 0 0 0 0 0 0 0 0 0 0 0 0 0 0 0 ',0,0,0,''),(603,2516,14,0,0,200,0,'0 0 0 0 0 ',0,'0 0 0 0 0 0 0 0 0 0 0 0 0 0 0 0 0 0 0 0 0 0 0 0 0 0 0 0 0 0 0 0 0 0 0 0 ',0,0,0,''),(605,49,15,0,0,1,0,'0 0 0 0 0 ',0,'0 0 0 0 0 0 0 0 0 0 0 0 0 0 0 0 0 0 0 0 0 0 0 0 0 0 0 0 0 0 0 0 0 0 0 0 ',0,0,0,''),(607,47,15,0,0,1,0,'0 0 0 0 0 ',0,'0 0 0 0 0 0 0 0 0 0 0 0 0 0 0 0 0 0 0 0 0 0 0 0 0 0 0 0 0 0 0 0 0 0 0 0 ',0,0,0,''),(609,48,15,0,0,1,0,'0 0 0 0 0 ',0,'0 0 0 0 0 0 0 0 0 0 0 0 0 0 0 0 0 0 0 0 0 0 0 0 0 0 0 0 0 0 0 0 0 0 0 0 ',0,25,0,''),(611,28979,15,0,0,1,0,'0 0 0 0 0 ',0,'0 0 0 0 0 0 0 0 0 0 0 0 0 0 0 0 0 0 0 0 0 0 0 0 0 0 0 0 0 0 0 0 0 0 0 0 ',0,0,0,''),(613,2092,15,0,0,1,0,'0 0 0 0 0 ',0,'0 0 0 0 0 0 0 0 0 0 0 0 0 0 0 0 0 0 0 0 0 0 0 0 0 0 0 0 0 0 0 0 0 0 0 0 ',0,16,0,''),(615,50055,15,0,0,1,0,'0 0 0 0 0 ',0,'0 0 0 0 0 0 0 0 0 0 0 0 0 0 0 0 0 0 0 0 0 0 0 0 0 0 0 0 0 0 0 0 0 0 0 0 ',0,16,0,''),(617,6948,15,0,0,1,0,'0 0 0 0 0 ',1,'0 0 0 0 0 0 0 0 0 0 0 0 0 0 0 0 0 0 0 0 0 0 0 0 0 0 0 0 0 0 0 0 0 0 0 0 ',0,0,0,''),(620,41426,12,0,0,1,0,'0 0 0 0 0 ',1,'0 0 0 0 0 0 0 0 0 0 0 0 0 0 0 0 0 0 0 0 0 0 0 0 0 0 0 0 0 0 0 0 0 0 0 0 ',0,0,0,''),(623,21177,12,0,0,97,0,'0 0 0 0 0 ',0,'0 0 0 0 0 0 0 0 0 0 0 0 0 0 0 0 0 0 0 0 0 0 0 0 0 0 0 0 0 0 0 0 0 0 0 0 ',0,0,0,''),(628,24277,12,0,0,1,0,'0 0 0 0 0 ',1,'0 0 0 0 0 0 0 0 0 0 0 0 0 0 0 0 0 0 0 0 0 0 0 0 0 0 0 0 0 0 0 0 0 0 0 0 ',0,0,0,'');
/*!40000 ALTER TABLE `item_instance` ENABLE KEYS */;
UNLOCK TABLES;

--
-- Table structure for table `item_loot_items`
--

DROP TABLE IF EXISTS `item_loot_items`;
/*!40101 SET @saved_cs_client     = @@character_set_client */;
/*!40101 SET character_set_client = utf8 */;
CREATE TABLE `item_loot_items` (
  `container_id` int(10) unsigned NOT NULL DEFAULT '0' COMMENT 'guid of container (item_instance.guid)',
  `item_id` int(10) unsigned NOT NULL DEFAULT '0' COMMENT 'loot item entry (item_instance.itemEntry)',
  `item_count` int(10) NOT NULL DEFAULT '0' COMMENT 'stack size',
  `follow_rules` tinyint(1) NOT NULL DEFAULT '0' COMMENT 'follow loot rules',
  `ffa` tinyint(1) NOT NULL DEFAULT '0' COMMENT 'free-for-all',
  `blocked` tinyint(1) NOT NULL DEFAULT '0',
  `counted` tinyint(1) NOT NULL DEFAULT '0',
  `under_threshold` tinyint(1) NOT NULL DEFAULT '0',
  `needs_quest` tinyint(1) NOT NULL DEFAULT '0' COMMENT 'quest drop',
  `rnd_prop` int(10) NOT NULL DEFAULT '0' COMMENT 'random enchantment added when originally rolled',
  `rnd_suffix` int(10) NOT NULL DEFAULT '0' COMMENT 'random suffix added when originally rolled'
) ENGINE=InnoDB DEFAULT CHARSET=latin1;
/*!40101 SET character_set_client = @saved_cs_client */;

--
-- Dumping data for table `item_loot_items`
--

LOCK TABLES `item_loot_items` WRITE;
/*!40000 ALTER TABLE `item_loot_items` DISABLE KEYS */;
/*!40000 ALTER TABLE `item_loot_items` ENABLE KEYS */;
UNLOCK TABLES;

--
-- Table structure for table `item_loot_money`
--

DROP TABLE IF EXISTS `item_loot_money`;
/*!40101 SET @saved_cs_client     = @@character_set_client */;
/*!40101 SET character_set_client = utf8 */;
CREATE TABLE `item_loot_money` (
  `container_id` int(10) unsigned NOT NULL DEFAULT '0' COMMENT 'guid of container (item_instance.guid)',
  `money` int(10) unsigned NOT NULL DEFAULT '0' COMMENT 'money loot (in copper)',
  PRIMARY KEY (`container_id`)
) ENGINE=InnoDB DEFAULT CHARSET=latin1;
/*!40101 SET character_set_client = @saved_cs_client */;

--
-- Dumping data for table `item_loot_money`
--

LOCK TABLES `item_loot_money` WRITE;
/*!40000 ALTER TABLE `item_loot_money` DISABLE KEYS */;
/*!40000 ALTER TABLE `item_loot_money` ENABLE KEYS */;
UNLOCK TABLES;

--
-- Table structure for table `item_refund_instance`
--

DROP TABLE IF EXISTS `item_refund_instance`;
/*!40101 SET @saved_cs_client     = @@character_set_client */;
/*!40101 SET character_set_client = utf8 */;
CREATE TABLE `item_refund_instance` (
  `item_guid` int(10) unsigned NOT NULL COMMENT 'Item GUID',
  `player_guid` int(10) unsigned NOT NULL COMMENT 'Player GUID',
  `paidMoney` int(10) unsigned NOT NULL DEFAULT '0',
  `paidExtendedCost` smallint(5) unsigned NOT NULL DEFAULT '0',
  PRIMARY KEY (`item_guid`,`player_guid`)
) ENGINE=InnoDB DEFAULT CHARSET=utf8 COMMENT='Item Refund System';
/*!40101 SET character_set_client = @saved_cs_client */;

--
-- Dumping data for table `item_refund_instance`
--

LOCK TABLES `item_refund_instance` WRITE;
/*!40000 ALTER TABLE `item_refund_instance` DISABLE KEYS */;
/*!40000 ALTER TABLE `item_refund_instance` ENABLE KEYS */;
UNLOCK TABLES;

--
-- Table structure for table `item_soulbound_trade_data`
--

DROP TABLE IF EXISTS `item_soulbound_trade_data`;
/*!40101 SET @saved_cs_client     = @@character_set_client */;
/*!40101 SET character_set_client = utf8 */;
CREATE TABLE `item_soulbound_trade_data` (
  `itemGuid` int(10) unsigned NOT NULL COMMENT 'Item GUID',
  `allowedPlayers` text NOT NULL COMMENT 'Space separated GUID list of players who can receive this item in trade',
  PRIMARY KEY (`itemGuid`)
) ENGINE=InnoDB DEFAULT CHARSET=utf8 COMMENT='Item Refund System';
/*!40101 SET character_set_client = @saved_cs_client */;

--
-- Dumping data for table `item_soulbound_trade_data`
--

LOCK TABLES `item_soulbound_trade_data` WRITE;
/*!40000 ALTER TABLE `item_soulbound_trade_data` DISABLE KEYS */;
/*!40000 ALTER TABLE `item_soulbound_trade_data` ENABLE KEYS */;
UNLOCK TABLES;

--
-- Table structure for table `lag_reports`
--

DROP TABLE IF EXISTS `lag_reports`;
/*!40101 SET @saved_cs_client     = @@character_set_client */;
/*!40101 SET character_set_client = utf8 */;
CREATE TABLE `lag_reports` (
  `reportId` int(10) unsigned NOT NULL AUTO_INCREMENT,
  `guid` int(10) unsigned NOT NULL DEFAULT '0',
  `lagType` tinyint(3) unsigned NOT NULL DEFAULT '0',
  `mapId` smallint(5) unsigned NOT NULL DEFAULT '0',
  `posX` float NOT NULL DEFAULT '0',
  `posY` float NOT NULL DEFAULT '0',
  `posZ` float NOT NULL DEFAULT '0',
  `latency` int(10) unsigned NOT NULL DEFAULT '0',
  `createTime` int(10) unsigned NOT NULL DEFAULT '0',
  PRIMARY KEY (`reportId`)
) ENGINE=InnoDB DEFAULT CHARSET=utf8 COMMENT='Player System';
/*!40101 SET character_set_client = @saved_cs_client */;

--
-- Dumping data for table `lag_reports`
--

LOCK TABLES `lag_reports` WRITE;
/*!40000 ALTER TABLE `lag_reports` DISABLE KEYS */;
/*!40000 ALTER TABLE `lag_reports` ENABLE KEYS */;
UNLOCK TABLES;

--
-- Table structure for table `lfg_data`
--

DROP TABLE IF EXISTS `lfg_data`;
/*!40101 SET @saved_cs_client     = @@character_set_client */;
/*!40101 SET character_set_client = utf8 */;
CREATE TABLE `lfg_data` (
  `guid` int(10) unsigned NOT NULL DEFAULT '0' COMMENT 'Global Unique Identifier',
  `dungeon` int(10) unsigned NOT NULL DEFAULT '0',
  `state` tinyint(3) unsigned NOT NULL DEFAULT '0',
  PRIMARY KEY (`guid`)
) ENGINE=InnoDB DEFAULT CHARSET=utf8 COMMENT='LFG Data';
/*!40101 SET character_set_client = @saved_cs_client */;

--
-- Dumping data for table `lfg_data`
--

LOCK TABLES `lfg_data` WRITE;
/*!40000 ALTER TABLE `lfg_data` DISABLE KEYS */;
/*!40000 ALTER TABLE `lfg_data` ENABLE KEYS */;
UNLOCK TABLES;

--
-- Table structure for table `mail`
--

DROP TABLE IF EXISTS `mail`;
/*!40101 SET @saved_cs_client     = @@character_set_client */;
/*!40101 SET character_set_client = utf8 */;
CREATE TABLE `mail` (
  `id` int(10) unsigned NOT NULL DEFAULT '0' COMMENT 'Identifier',
  `messageType` tinyint(3) unsigned NOT NULL DEFAULT '0',
  `stationery` tinyint(3) NOT NULL DEFAULT '41',
  `mailTemplateId` smallint(5) unsigned NOT NULL DEFAULT '0',
  `sender` int(10) unsigned NOT NULL DEFAULT '0' COMMENT 'Character Global Unique Identifier',
  `receiver` int(10) unsigned NOT NULL DEFAULT '0' COMMENT 'Character Global Unique Identifier',
  `subject` longtext,
  `body` longtext,
  `has_items` tinyint(3) unsigned NOT NULL DEFAULT '0',
  `expire_time` int(10) unsigned NOT NULL DEFAULT '0',
  `deliver_time` int(10) unsigned NOT NULL DEFAULT '0',
  `money` int(10) unsigned NOT NULL DEFAULT '0',
  `cod` int(10) unsigned NOT NULL DEFAULT '0',
  `checked` tinyint(3) unsigned NOT NULL DEFAULT '0',
  PRIMARY KEY (`id`),
  KEY `idx_receiver` (`receiver`)
) ENGINE=InnoDB DEFAULT CHARSET=utf8 COMMENT='Mail System';
/*!40101 SET character_set_client = @saved_cs_client */;

--
-- Dumping data for table `mail`
--

LOCK TABLES `mail` WRITE;
/*!40000 ALTER TABLE `mail` DISABLE KEYS */;
/*!40000 ALTER TABLE `mail` ENABLE KEYS */;
UNLOCK TABLES;

--
-- Table structure for table `mail_items`
--

DROP TABLE IF EXISTS `mail_items`;
/*!40101 SET @saved_cs_client     = @@character_set_client */;
/*!40101 SET character_set_client = utf8 */;
CREATE TABLE `mail_items` (
  `mail_id` int(10) unsigned NOT NULL DEFAULT '0',
  `item_guid` int(10) unsigned NOT NULL DEFAULT '0',
  `receiver` int(10) unsigned NOT NULL DEFAULT '0' COMMENT 'Character Global Unique Identifier',
  PRIMARY KEY (`item_guid`),
  KEY `idx_receiver` (`receiver`),
  KEY `idx_mail_id` (`mail_id`)
) ENGINE=InnoDB DEFAULT CHARSET=utf8 ROW_FORMAT=DYNAMIC;
/*!40101 SET character_set_client = @saved_cs_client */;

--
-- Dumping data for table `mail_items`
--

LOCK TABLES `mail_items` WRITE;
/*!40000 ALTER TABLE `mail_items` DISABLE KEYS */;
/*!40000 ALTER TABLE `mail_items` ENABLE KEYS */;
UNLOCK TABLES;

--
-- Table structure for table `pet_aura`
--

DROP TABLE IF EXISTS `pet_aura`;
/*!40101 SET @saved_cs_client     = @@character_set_client */;
/*!40101 SET character_set_client = utf8 */;
CREATE TABLE `pet_aura` (
  `guid` int(10) unsigned NOT NULL DEFAULT '0' COMMENT 'Global Unique Identifier',
  `casterGuid` bigint(20) unsigned NOT NULL DEFAULT '0' COMMENT 'Full Global Unique Identifier',
  `spell` mediumint(8) unsigned NOT NULL DEFAULT '0',
  `effectMask` tinyint(3) unsigned NOT NULL DEFAULT '0',
  `recalculateMask` tinyint(3) unsigned NOT NULL DEFAULT '0',
  `stackCount` tinyint(3) unsigned NOT NULL DEFAULT '1',
  `amount0` mediumint(8) NOT NULL,
  `amount1` mediumint(8) NOT NULL,
  `amount2` mediumint(8) NOT NULL,
  `base_amount0` mediumint(8) NOT NULL,
  `base_amount1` mediumint(8) NOT NULL,
  `base_amount2` mediumint(8) NOT NULL,
  `maxDuration` int(11) NOT NULL DEFAULT '0',
  `remainTime` int(11) NOT NULL DEFAULT '0',
  `remainCharges` tinyint(3) unsigned NOT NULL DEFAULT '0',
  `critChance` float NOT NULL DEFAULT '0',
  `applyResilience` tinyint(3) NOT NULL DEFAULT '0',
  PRIMARY KEY (`guid`,`casterGuid`,`spell`,`effectMask`)
) ENGINE=InnoDB DEFAULT CHARSET=utf8 COMMENT='Pet System';
/*!40101 SET character_set_client = @saved_cs_client */;

--
-- Dumping data for table `pet_aura`
--

LOCK TABLES `pet_aura` WRITE;
/*!40000 ALTER TABLE `pet_aura` DISABLE KEYS */;
/*!40000 ALTER TABLE `pet_aura` ENABLE KEYS */;
UNLOCK TABLES;

--
-- Table structure for table `pet_spell`
--

DROP TABLE IF EXISTS `pet_spell`;
/*!40101 SET @saved_cs_client     = @@character_set_client */;
/*!40101 SET character_set_client = utf8 */;
CREATE TABLE `pet_spell` (
  `guid` int(10) unsigned NOT NULL DEFAULT '0' COMMENT 'Global Unique Identifier',
  `spell` mediumint(8) unsigned NOT NULL DEFAULT '0' COMMENT 'Spell Identifier',
  `active` tinyint(3) unsigned NOT NULL DEFAULT '0',
  PRIMARY KEY (`guid`,`spell`)
) ENGINE=InnoDB DEFAULT CHARSET=utf8 COMMENT='Pet System';
/*!40101 SET character_set_client = @saved_cs_client */;

--
-- Dumping data for table `pet_spell`
--

LOCK TABLES `pet_spell` WRITE;
/*!40000 ALTER TABLE `pet_spell` DISABLE KEYS */;
/*!40000 ALTER TABLE `pet_spell` ENABLE KEYS */;
UNLOCK TABLES;

--
-- Table structure for table `pet_spell_cooldown`
--

DROP TABLE IF EXISTS `pet_spell_cooldown`;
/*!40101 SET @saved_cs_client     = @@character_set_client */;
/*!40101 SET character_set_client = utf8 */;
CREATE TABLE `pet_spell_cooldown` (
  `guid` int(10) unsigned NOT NULL DEFAULT '0' COMMENT 'Global Unique Identifier, Low part',
  `spell` mediumint(8) unsigned NOT NULL DEFAULT '0' COMMENT 'Spell Identifier',
  `time` int(10) unsigned NOT NULL DEFAULT '0',
  `categoryId` int(10) unsigned NOT NULL DEFAULT '0' COMMENT 'Spell category Id',
  `categoryEnd` int(10) unsigned NOT NULL DEFAULT '0',
  PRIMARY KEY (`guid`,`spell`)
) ENGINE=InnoDB DEFAULT CHARSET=utf8;
/*!40101 SET character_set_client = @saved_cs_client */;

--
-- Dumping data for table `pet_spell_cooldown`
--

LOCK TABLES `pet_spell_cooldown` WRITE;
/*!40000 ALTER TABLE `pet_spell_cooldown` DISABLE KEYS */;
/*!40000 ALTER TABLE `pet_spell_cooldown` ENABLE KEYS */;
UNLOCK TABLES;

--
-- Table structure for table `petition`
--

DROP TABLE IF EXISTS `petition`;
/*!40101 SET @saved_cs_client     = @@character_set_client */;
/*!40101 SET character_set_client = utf8 */;
CREATE TABLE `petition` (
  `ownerguid` int(10) unsigned NOT NULL,
  `petitionguid` int(10) unsigned DEFAULT '0',
  `name` varchar(24) NOT NULL,
  `type` tinyint(3) unsigned NOT NULL DEFAULT '0',
  PRIMARY KEY (`ownerguid`,`type`),
  UNIQUE KEY `index_ownerguid_petitionguid` (`ownerguid`,`petitionguid`)
) ENGINE=InnoDB DEFAULT CHARSET=utf8 COMMENT='Guild System';
/*!40101 SET character_set_client = @saved_cs_client */;

--
-- Dumping data for table `petition`
--

LOCK TABLES `petition` WRITE;
/*!40000 ALTER TABLE `petition` DISABLE KEYS */;
/*!40000 ALTER TABLE `petition` ENABLE KEYS */;
UNLOCK TABLES;

--
-- Table structure for table `petition_sign`
--

DROP TABLE IF EXISTS `petition_sign`;
/*!40101 SET @saved_cs_client     = @@character_set_client */;
/*!40101 SET character_set_client = utf8 */;
CREATE TABLE `petition_sign` (
  `ownerguid` int(10) unsigned NOT NULL,
  `petitionguid` int(10) unsigned NOT NULL DEFAULT '0',
  `playerguid` int(10) unsigned NOT NULL DEFAULT '0',
  `player_account` int(10) unsigned NOT NULL DEFAULT '0',
  `type` tinyint(3) unsigned NOT NULL DEFAULT '0',
  PRIMARY KEY (`petitionguid`,`playerguid`),
  KEY `Idx_playerguid` (`playerguid`),
  KEY `Idx_ownerguid` (`ownerguid`)
) ENGINE=InnoDB DEFAULT CHARSET=utf8 COMMENT='Guild System';
/*!40101 SET character_set_client = @saved_cs_client */;

--
-- Dumping data for table `petition_sign`
--

LOCK TABLES `petition_sign` WRITE;
/*!40000 ALTER TABLE `petition_sign` DISABLE KEYS */;
/*!40000 ALTER TABLE `petition_sign` ENABLE KEYS */;
UNLOCK TABLES;

--
-- Table structure for table `pool_quest_save`
--

DROP TABLE IF EXISTS `pool_quest_save`;
/*!40101 SET @saved_cs_client     = @@character_set_client */;
/*!40101 SET character_set_client = utf8 */;
CREATE TABLE `pool_quest_save` (
  `pool_id` int(10) unsigned NOT NULL DEFAULT '0',
  `quest_id` int(10) unsigned NOT NULL DEFAULT '0',
  PRIMARY KEY (`pool_id`,`quest_id`)
) ENGINE=InnoDB DEFAULT CHARSET=utf8;
/*!40101 SET character_set_client = @saved_cs_client */;

--
-- Dumping data for table `pool_quest_save`
--

LOCK TABLES `pool_quest_save` WRITE;
/*!40000 ALTER TABLE `pool_quest_save` DISABLE KEYS */;
INSERT INTO `pool_quest_save` VALUES (348,24629),(349,14105),(350,13905),(351,13916),(352,11377),(353,11667),(354,13424),(356,11499),(357,11383),(359,12726),(360,12762),(361,12758),(362,12759),(363,14077),(364,14076),(365,14144),(366,14145),(367,14108),(370,12501),(5662,13673),(5663,13762),(5664,13768),(5665,13775),(5666,13779),(5667,13785),(5668,13669),(5669,13603),(5670,13742),(5671,13747),(5672,13758),(5673,13753),(5674,13101),(5675,13114),(5676,13834),(5677,12958),(5678,24590),(5679,24873),(5680,24876),(5680,24877),(5707,13197),(5708,236),(5709,13199),(5710,13193);
/*!40000 ALTER TABLE `pool_quest_save` ENABLE KEYS */;
UNLOCK TABLES;

--
-- Table structure for table `pvpstats_battlegrounds`
--

DROP TABLE IF EXISTS `pvpstats_battlegrounds`;
/*!40101 SET @saved_cs_client     = @@character_set_client */;
/*!40101 SET character_set_client = utf8 */;
CREATE TABLE `pvpstats_battlegrounds` (
  `id` bigint(20) unsigned NOT NULL AUTO_INCREMENT,
  `winner_faction` tinyint(4) NOT NULL,
  `bracket_id` tinyint(3) unsigned NOT NULL,
  `type` tinyint(3) unsigned NOT NULL,
  `date` datetime NOT NULL,
  PRIMARY KEY (`id`)
) ENGINE=InnoDB DEFAULT CHARSET=latin1;
/*!40101 SET character_set_client = @saved_cs_client */;

--
-- Dumping data for table `pvpstats_battlegrounds`
--

LOCK TABLES `pvpstats_battlegrounds` WRITE;
/*!40000 ALTER TABLE `pvpstats_battlegrounds` DISABLE KEYS */;
/*!40000 ALTER TABLE `pvpstats_battlegrounds` ENABLE KEYS */;
UNLOCK TABLES;

--
-- Table structure for table `pvpstats_players`
--

DROP TABLE IF EXISTS `pvpstats_players`;
/*!40101 SET @saved_cs_client     = @@character_set_client */;
/*!40101 SET character_set_client = utf8 */;
CREATE TABLE `pvpstats_players` (
  `battleground_id` bigint(20) unsigned NOT NULL,
  `character_guid` int(10) unsigned NOT NULL,
  `winner` bit(1) NOT NULL,
  `score_killing_blows` mediumint(8) unsigned NOT NULL,
  `score_deaths` mediumint(8) unsigned NOT NULL,
  `score_honorable_kills` mediumint(8) unsigned NOT NULL,
  `score_bonus_honor` mediumint(8) unsigned NOT NULL,
  `score_damage_done` mediumint(8) unsigned NOT NULL,
  `score_healing_done` mediumint(8) unsigned NOT NULL,
  `attr_1` mediumint(8) unsigned NOT NULL DEFAULT '0',
  `attr_2` mediumint(8) unsigned NOT NULL DEFAULT '0',
  `attr_3` mediumint(8) unsigned NOT NULL DEFAULT '0',
  `attr_4` mediumint(8) unsigned NOT NULL DEFAULT '0',
  `attr_5` mediumint(8) unsigned NOT NULL DEFAULT '0',
  PRIMARY KEY (`battleground_id`,`character_guid`)
) ENGINE=InnoDB DEFAULT CHARSET=latin1;
/*!40101 SET character_set_client = @saved_cs_client */;

--
-- Dumping data for table `pvpstats_players`
--

LOCK TABLES `pvpstats_players` WRITE;
/*!40000 ALTER TABLE `pvpstats_players` DISABLE KEYS */;
/*!40000 ALTER TABLE `pvpstats_players` ENABLE KEYS */;
UNLOCK TABLES;

--
-- Table structure for table `quest_tracker`
--

DROP TABLE IF EXISTS `quest_tracker`;
/*!40101 SET @saved_cs_client     = @@character_set_client */;
/*!40101 SET character_set_client = utf8 */;
CREATE TABLE `quest_tracker` (
  `id` mediumint(8) unsigned NOT NULL DEFAULT '0',
  `character_guid` int(10) unsigned NOT NULL DEFAULT '0',
  `quest_accept_time` datetime NOT NULL,
  `quest_complete_time` datetime DEFAULT NULL,
  `quest_abandon_time` datetime DEFAULT NULL,
  `completed_by_gm` tinyint(1) NOT NULL DEFAULT '0',
  `core_hash` varchar(120) NOT NULL DEFAULT '0',
  `core_revision` varchar(120) NOT NULL DEFAULT '0'
) ENGINE=InnoDB DEFAULT CHARSET=latin1;
/*!40101 SET character_set_client = @saved_cs_client */;

--
-- Dumping data for table `quest_tracker`
--

LOCK TABLES `quest_tracker` WRITE;
/*!40000 ALTER TABLE `quest_tracker` DISABLE KEYS */;
/*!40000 ALTER TABLE `quest_tracker` ENABLE KEYS */;
UNLOCK TABLES;

--
-- Table structure for table `reserved_name`
--

DROP TABLE IF EXISTS `reserved_name`;
/*!40101 SET @saved_cs_client     = @@character_set_client */;
/*!40101 SET character_set_client = utf8 */;
CREATE TABLE `reserved_name` (
  `name` varchar(12) NOT NULL DEFAULT '',
  PRIMARY KEY (`name`)
) ENGINE=InnoDB DEFAULT CHARSET=utf8 COMMENT='Player Reserved Names';
/*!40101 SET character_set_client = @saved_cs_client */;

--
-- Dumping data for table `reserved_name`
--

LOCK TABLES `reserved_name` WRITE;
/*!40000 ALTER TABLE `reserved_name` DISABLE KEYS */;
/*!40000 ALTER TABLE `reserved_name` ENABLE KEYS */;
UNLOCK TABLES;

--
-- Table structure for table `respawn`
--

DROP TABLE IF EXISTS `respawn`;
/*!40101 SET @saved_cs_client     = @@character_set_client */;
/*!40101 SET character_set_client = utf8 */;
CREATE TABLE `respawn` (
  `type` smallint(10) unsigned NOT NULL,
  `spawnId` int(10) unsigned NOT NULL,
  `respawnTime` bigint(20) unsigned NOT NULL,
  `mapId` smallint(10) unsigned NOT NULL,
  `instanceId` int(10) unsigned NOT NULL,
  PRIMARY KEY (`type`,`spawnId`,`instanceId`),
  KEY `idx_instance` (`instanceId`)
) ENGINE=InnoDB DEFAULT CHARSET=utf8 COMMENT='Stored respawn times';
/*!40101 SET character_set_client = @saved_cs_client */;

--
-- Dumping data for table `respawn`
--

LOCK TABLES `respawn` WRITE;
/*!40000 ALTER TABLE `respawn` DISABLE KEYS */;
INSERT INTO `respawn` VALUES (0,297,1575203665,0,0),(0,2909,1575203458,0,0),(0,2997,1575203472,0,0),(0,3506,1575782919,530,0),(0,3607,1575203657,0,0),(0,3610,1575203661,0,0),(0,4566,1575639265,0,0),(0,4593,1575641280,0,0),(0,5232,1575640926,0,0),(0,5234,1575641250,0,0),(0,5236,1575641222,0,0),(0,5239,1575640902,0,0),(0,5325,1575641268,0,0),(0,5327,1575639273,0,0),(0,5328,1575639279,0,0),(0,5750,1575639259,0,0),(0,6131,1575641255,0,0),(0,6781,1575641272,0,0),(0,13601,1575382852,1,0),(0,13621,1575382649,1,0),(0,13622,1575382524,1,0),(0,13623,1575382657,1,0),(0,13650,1575382810,1,0),(0,13652,1575382820,1,0),(0,13653,1575382829,1,0),(0,13654,1575382822,1,0),(0,13655,1575382838,1,0),(0,13656,1575382813,1,0),(0,13657,1575382035,1,0),(0,13658,1575382854,1,0),(0,13659,1575382008,1,0),(0,13685,1575382537,1,0),(0,13687,1575382772,1,0),(0,13688,1575382787,1,0),(0,13804,1575382671,1,0),(0,13806,1575382758,1,0),(0,13807,1575382782,1,0),(0,13810,1575382793,1,0),(0,13812,1575382039,1,0),(0,13813,1575382819,1,0),(0,13912,1575382495,1,0),(0,24747,1575381606,1,0),(0,24748,1575782689,1,0),(0,24759,1575380457,1,0),(0,25422,1575559261,1,0),(0,25563,1575380048,1,0),(0,25587,1575380069,1,0),(0,25601,1575380181,1,0),(0,35666,1575385599,1,0),(0,35669,1575385840,1,0),(0,35684,1575385561,1,0),(0,35685,1575385814,1,0),(0,35696,1575385746,1,0),(0,35697,1575385776,1,0),(0,35701,1575386092,1,0),(0,35714,1575386040,1,0),(0,35717,1575385318,1,0),(0,35718,1575385729,1,0),(0,35720,1575385429,1,0),(0,35736,1575385690,1,0),(0,35744,1575386117,1,0),(0,35745,1575385947,1,0),(0,35747,1575385920,1,0),(0,35749,1575386055,1,0),(0,35757,1575385712,1,0),(0,35762,1575385882,1,0),(0,35767,1575385796,1,0),(0,35778,1575385903,1,0),(0,35786,1575385983,1,0),(0,35788,1575386005,1,0),(0,35837,1575385269,1,0),(0,44877,1575782012,0,0),(0,44958,1575697169,0,0),(0,44961,1575697220,0,0),(0,44965,1575697130,0,0),(0,44985,1575696939,0,0),(0,44987,1575697142,0,0),(0,45073,1575781863,0,0),(0,45131,1575697386,0,0),(0,45205,1575781831,0,0),(0,51811,1575392160,1,0),(0,54948,1575779752,530,0),(0,54949,1575779761,530,0),(0,54952,1575779667,530,0),(0,54953,1575779621,530,0),(0,74033,1575848856,0,0),(0,77647,1575454213,1,0),(0,77815,1575848784,0,0),(0,79947,1573747195,0,0),(0,79972,1575203236,0,0),(0,79991,1575203156,0,0),(0,80104,1575203125,0,0),(0,80128,1573747234,0,0),(0,80132,1575203188,0,0),(0,81331,1575638379,0,0),(0,82899,1575219622,609,0),(0,82915,1575219595,609,0),(0,84418,1575219571,609,0),(0,84423,1575219603,609,0),(0,84432,1575219587,609,0),(0,84436,1575219554,609,0),(0,84437,1575219537,609,0),(0,84439,1575219533,609,0),(0,92287,1575777218,0,0),(0,92289,1575777195,0,0),(0,92776,1577365288,0,0),(0,92777,1577365294,0,0),(0,128496,1575204014,609,0),(0,128525,1575203762,609,0),(0,128919,1575219588,609,0),(0,128923,1575219580,609,0),(0,128924,1575219601,609,0),(0,128925,1575219600,609,0),(0,128927,1575219512,609,0),(0,128934,1575219492,609,0),(0,128935,1575219477,609,0),(0,128939,1575219573,609,0),(0,128946,1575219530,609,0),(0,128948,1575219556,609,0),(0,128949,1575219540,609,0),(0,128957,1575219606,609,0),(0,128974,1575219603,609,0),(0,128985,1575219542,609,0),(0,128986,1575219603,609,0),(0,128988,1575216785,609,0),(0,128990,1575219603,609,0),(0,128991,1575219509,609,0),(0,128997,1575219511,609,0),(0,128998,1575219587,609,0),(0,128999,1575219575,609,0),(0,129216,1575219618,609,0),(0,129217,1575219620,609,0),(0,129237,1575219618,609,0),(0,129252,1575219618,609,0),(0,129517,1575203830,609,0),(0,129518,1575203802,609,0),(0,129529,1575203721,609,0),(0,129531,1575218863,609,0),(0,129544,1575203723,609,0),(0,129547,1575204468,609,0),(0,130031,1575204500,609,0),(0,130035,1575219695,609,0),(0,130219,1575219480,609,0),(0,130221,1575219617,609,0),(0,130240,1575219524,609,0),(0,130259,1575219563,609,0),(0,130312,1575219558,609,0),(0,130559,1575219473,609,0),(0,130615,1575219411,609,0),(0,130616,1575219846,609,0),(0,130617,1575219735,609,0),(0,130618,1575219466,609,0),(0,130619,1575219660,609,0),(0,130653,1575218467,609,0),(0,130654,1575219811,609,0),(0,130655,1575219446,609,0),(0,130656,1575219899,609,0),(0,130659,1575219569,609,0),(0,130663,1575218212,609,0),(0,130665,1575219475,609,0),(0,130669,1575219513,609,0),(0,130671,1575215833,609,0),(0,130676,1575215013,609,0),(0,130682,1575219843,609,0),(0,130709,1575217949,609,0),(0,130716,1575219761,609,0),(0,130718,1575219843,609,0),(0,130720,1575219669,609,0),(0,130734,1575219556,609,0),(0,130749,1575219690,609,0),(0,130752,1575219740,609,0),(0,130753,1575219519,609,0),(0,130755,1575219642,609,0),(0,130782,1575219588,609,0),(0,130788,1575219023,609,0),(0,130790,1575219631,609,0),(0,130791,1575218133,609,0),(0,130798,1575204275,609,0),(0,130803,1575215934,609,0),(0,130806,1575215839,609,0),(0,130812,1575215982,609,0),(0,130819,1575217292,609,0),(0,130820,1575219486,609,0),(0,130829,1575216701,609,0),(0,130830,1575207583,609,0),(0,130856,1575218879,609,0),(0,130919,1575216509,609,0),(0,130921,1575219593,609,0),(0,130924,1575219606,609,0),(0,130927,1575219220,609,0),(0,130930,1575219358,609,0),(0,130931,1575215343,609,0),(0,130932,1575216664,609,0),(0,130933,1575219047,609,0),(0,130934,1575219524,609,0),(0,130938,1575219431,609,0),(0,130942,1575219500,609,0),(0,130943,1575218830,609,0),(0,130944,1575217332,609,0),(0,130945,1575216716,609,0),(0,130946,1575219589,609,0),(0,130949,1575218829,609,0),(0,130953,1575219076,609,0),(0,130955,1575219026,609,0),(0,134414,1575659908,0,0);
/*!40000 ALTER TABLE `respawn` ENABLE KEYS */;
UNLOCK TABLES;

--
-- Table structure for table `updates`
--

DROP TABLE IF EXISTS `updates`;
/*!40101 SET @saved_cs_client     = @@character_set_client */;
/*!40101 SET character_set_client = utf8 */;
CREATE TABLE `updates` (
  `name` varchar(200) NOT NULL COMMENT 'filename with extension of the update.',
  `hash` char(40) DEFAULT '' COMMENT 'sha1 hash of the sql file.',
  `state` enum('RELEASED','ARCHIVED') NOT NULL DEFAULT 'RELEASED' COMMENT 'defines if an update is released or archived.',
  `timestamp` timestamp NOT NULL DEFAULT CURRENT_TIMESTAMP COMMENT 'timestamp when the query was applied.',
  `speed` int(10) unsigned NOT NULL DEFAULT '0' COMMENT 'time the query takes to apply in ms.',
  PRIMARY KEY (`name`)
) ENGINE=MyISAM DEFAULT CHARSET=utf8 COMMENT='List of all applied updates in this database.';
/*!40101 SET character_set_client = @saved_cs_client */;

--
-- Dumping data for table `updates`
--

LOCK TABLES `updates` WRITE;
/*!40000 ALTER TABLE `updates` DISABLE KEYS */;
INSERT INTO `updates` VALUES ('2015_03_20_00_characters.sql','B761760804EA73BD297F296C5C1919687DF7191C','ARCHIVED','2015-03-21 21:44:15',0),('2015_03_20_01_characters.sql','894F08B70449A5481FFAF394EE5571D7FC4D8A3A','ARCHIVED','2015-03-21 21:44:15',0),('2015_03_20_02_characters.sql','97D7BE0CAADC79F3F11B9FD296B8C6CD40FE593B','ARCHIVED','2015-03-21 21:44:51',0),('2015_06_26_00_characters_335.sql','C2CC6E50AFA1ACCBEBF77CC519AAEB09F3BBAEBC','ARCHIVED','2015-07-13 23:49:22',0),('2015_09_28_00_characters_335.sql','F8682A431D50E54BDC4AC0E7DBED21AE8AAB6AD4','ARCHIVED','2015-09-28 21:00:00',0),('2015_08_26_00_characters_335.sql','C7D6A3A00FECA3EBFF1E71744CA40D3076582374','ARCHIVED','2015-08-26 21:00:00',0),('2015_10_06_00_characters.sql','16842FDD7E8547F2260D3312F53EFF8761EFAB35','ARCHIVED','2015-10-06 16:06:38',0),('2015_10_07_00_characters.sql','E15AB463CEBE321001D7BFDEA4B662FF618728FD','ARCHIVED','2015-10-07 23:32:00',0),('2015_10_12_00_characters.sql','D6F9927BDED72AD0A81D6EC2C6500CBC34A39FA2','ARCHIVED','2015-10-12 15:35:47',0),('2015_10_28_00_characters.sql','622A9CA8FCE690429EBE23BA071A37C7A007BF8B','ARCHIVED','2015-10-19 14:32:22',0),('2015_10_29_00_characters_335.sql','4555A7F35C107E54C13D74D20F141039ED42943E','ARCHIVED','2015-10-29 17:05:43',0),('2015_11_03_00_characters.sql','CC045717B8FDD9733351E52A5302560CD08AAD57','ARCHIVED','2015-10-12 15:23:33',0),('2015_11_07_00_characters.sql','0ACDD35EC9745231BCFA701B78056DEF94D0CC53','ARCHIVED','2016-04-11 00:42:36',0),('2016_02_10_00_characters.sql','F1B4DA202819CABC7319A4470A2D224A34609E97','ARCHIVED','2016-02-10 00:00:00',0),('2016_03_13_2016_01_05_00_characters.sql','0EAD24977F40DE2476B4567DA2B477867CC0DA1A','ARCHIVED','2016-03-13 20:03:56',0),('2016_04_11_00_characters.sql','0ACDD35EC9745231BCFA701B78056DEF94D0CC53','ARCHIVED','2016-04-11 03:18:17',0),('2016_09_13_00_characters.sql','27A04615B11B2CFC3A26778F52F74C071E4F9C54','ARCHIVED','2016-07-06 18:55:18',0),('2016_10_16_00_characters.sql','0ACDD35EC9745231BCFA701B78056DEF94D0CC53','ARCHIVED','2016-10-16 14:02:49',0),('2016_10_30_00_characters.sql','7E2D5B226907B5A9AF320797F46E86DC27B7EC90','ARCHIVED','2016-10-30 00:00:00',0),('2017_04_03_00_characters.sql','CB072C56692C9FBF170C4036F15773DD86D368B5','ARCHIVED','2017-04-03 00:00:00',0),('2017_04_12_00_characters.sql','4FE3C6866A6DCD4926D451F6009464D290C2EF1F','ARCHIVED','2017-04-12 00:00:00',0),('2017_04_12_01_characters.sql','5A8A1215E3A2356722F52CD7A64BBE03D21FBEA3','ARCHIVED','2017-04-12 00:00:00',0),('2017_04_19_00_characters.sql','CE06FA9005C8A8EE4BDD925520278A5D83E87485','ARCHIVED','2017-04-19 00:07:40',0),('2017_10_29_00_characters.sql','8CFC473E7E87E58C317A72016BF69E9050D3BC83','ARCHIVED','2017-04-19 00:07:40',0),('2017_11_27_00_characters.sql','6FF1F84B8985ADFC7FF97F0BF8E53403CF13C320','ARCHIVED','2017-11-27 22:08:42',0),('2018_01_13_00_characters.sql','E3C0DA9995BA71ED5A267294470CD03DC51862DD','ARCHIVED','2018-01-13 00:00:00',0),('2018_02_19_00_characters.sql','FE5C5F9B88F0791549DDE680942493781E2269E6','ARCHIVED','2018-02-18 19:49:38',0),('2018_04_24_00_characters.sql','77264AB7BEF421C0A4BB81EEAFD0D8C1CBCA840F','ARCHIVED','2018-04-20 09:38:10',0),('2018_07_09_00_characters.sql','6F3EA22DD5E4CD9F9C60C4332B147E3DBF2E8A44','ARCHIVED','2018-07-09 18:19:18',0),('2018_11_09_00_characters.sql','50429D68E6EBD1149CDA14A9EA642BC06A1FAE3D','ARCHIVED','2018-11-09 20:49:47',0),('2019_03_19_00_characters.sql','1FD394E354CB9E854ABDC8CFD02329240AE07C3F','ARCHIVED','2019-03-19 07:17:45',0),('2019_04_15_00_characters.sql','942FB57BF890E523B35B9BFEF3686CB0AA52B795','ARCHIVED','2019-04-15 06:16:09',0),('2019_05_15_00_characters.sql','A12F21C8044C8BC8E2AA17F4C6CEB8B722CBC714','ARCHIVED','2019-05-15 06:13:20',0),('2019_06_15_00_characters.sql','32DA6E004D7DD6EFFB0BB26238D17F6CC9E51DE6','ARCHIVED','2019-06-15 07:33:45',0),('2019_07_14_00_characters.sql','A141F4F15BDF0320483921429871D4C572BD7E2D','ARCHIVED','2019-07-04 00:00:00',0),('2019_07_15_00_characters.sql','5BCF35896BB36A306CE79CF1E3F1945FAF9019D9','ARCHIVED','2019-07-15 00:00:00',0),('2019_07_15_01_characters.sql','5D383B026AB9EDE7114F249D206DE7E432E19468','ARCHIVED','2019-07-15 00:00:00',0),('2019_07_16_00_characters.sql','76AE193EFA3129FA1702BF7B6FA7C4127B543BDF','ARCHIVED','2019-07-16 00:00:00',0),('2019_08_16_00_characters.sql','7E21060060513C9504107C4A06B106166CC0768E','ARCHIVED','2019-08-16 06:25:07',0),('2019_09_15_00_characters.sql','75F3355AF6E9C0A2CAF5F523D87208C726C9D042','ARCHIVED','2019-09-15 09:21:36',0),('2019_10_18_00_characters.sql','143669FB0AA803C7287A4FF4ABE85F45F63369E5','ARCHIVED','2019-10-18 08:37:37',0),('2019_11_16_00_characters.sql','F29BBE2869E2187B278B27236A3D156B849F0E43','ARCHIVED','2019-11-16 17:05:02',18),('2019_12_15_00_characters.sql','2EE449B59D56F884796B5D43C89B7C73DBF53939','RELEASED','2019-12-15 20:07:30',8);
/*!40000 ALTER TABLE `updates` ENABLE KEYS */;
UNLOCK TABLES;

--
-- Table structure for table `updates_include`
--

DROP TABLE IF EXISTS `updates_include`;
/*!40101 SET @saved_cs_client     = @@character_set_client */;
/*!40101 SET character_set_client = utf8 */;
CREATE TABLE `updates_include` (
  `path` varchar(200) NOT NULL COMMENT 'directory to include. $ means relative to the source directory.',
  `state` enum('RELEASED','ARCHIVED') NOT NULL DEFAULT 'RELEASED' COMMENT 'defines if the directory contains released or archived updates.',
  PRIMARY KEY (`path`)
) ENGINE=MyISAM DEFAULT CHARSET=utf8 COMMENT='List of directories where we want to include sql updates.';
/*!40101 SET character_set_client = @saved_cs_client */;

--
-- Dumping data for table `updates_include`
--

LOCK TABLES `updates_include` WRITE;
/*!40000 ALTER TABLE `updates_include` DISABLE KEYS */;
INSERT INTO `updates_include` VALUES ('$/sql/updates/characters','RELEASED'),('$/sql/custom/characters','RELEASED'),('$/sql/old/3.3.5a/characters','ARCHIVED');
/*!40000 ALTER TABLE `updates_include` ENABLE KEYS */;
UNLOCK TABLES;

--
-- Table structure for table `warden_action`
--

DROP TABLE IF EXISTS `warden_action`;
/*!40101 SET @saved_cs_client     = @@character_set_client */;
/*!40101 SET character_set_client = utf8 */;
CREATE TABLE `warden_action` (
  `wardenId` smallint(5) unsigned NOT NULL,
  `action` tinyint(3) unsigned DEFAULT NULL,
  PRIMARY KEY (`wardenId`)
) ENGINE=InnoDB DEFAULT CHARSET=utf8;
/*!40101 SET character_set_client = @saved_cs_client */;

--
-- Dumping data for table `warden_action`
--

LOCK TABLES `warden_action` WRITE;
/*!40000 ALTER TABLE `warden_action` DISABLE KEYS */;
/*!40000 ALTER TABLE `warden_action` ENABLE KEYS */;
UNLOCK TABLES;

--
-- Table structure for table `worldstates`
--

DROP TABLE IF EXISTS `worldstates`;
/*!40101 SET @saved_cs_client     = @@character_set_client */;
/*!40101 SET character_set_client = utf8 */;
CREATE TABLE `worldstates` (
  `entry` int(10) unsigned NOT NULL DEFAULT '0',
  `value` int(10) unsigned NOT NULL DEFAULT '0',
  `comment` tinytext,
  PRIMARY KEY (`entry`)
) ENGINE=InnoDB DEFAULT CHARSET=utf8 COMMENT='Variable Saves';
/*!40101 SET character_set_client = @saved_cs_client */;

--
-- Dumping data for table `worldstates`
--

LOCK TABLES `worldstates` WRITE;
/*!40000 ALTER TABLE `worldstates` DISABLE KEYS */;
INSERT INTO `worldstates` VALUES (1,0,NULL),(2,0,NULL),(3,0,NULL),(4,0,NULL),(5,0,NULL),(6,0,NULL),(7,1578945893,NULL),(8,0,NULL),(9,0,NULL),(10,0,NULL),(11,0,NULL),(12,0,NULL),(13,0,NULL),(14,0,NULL),(15,0,NULL),(16,1579032001,NULL),(17,0,NULL),(18,0,NULL),(19,0,NULL),(20,0,NULL),(21,0,NULL),(22,0,NULL),(23,0,NULL),(24,0,NULL),(25,1579032001,NULL),(26,0,NULL),(27,0,NULL),(28,0,NULL),(29,0,NULL),(30,1578945893,NULL),(31,0,NULL),(32,0,NULL),(33,0,NULL),(34,0,NULL),(35,0,NULL),(36,0,NULL),(37,1578945893,NULL),(38,0,NULL),(39,0,NULL),(40,0,NULL),(41,0,NULL),(42,0,NULL),(43,0,NULL),(44,0,NULL),(45,0,NULL),(46,0,NULL),(47,0,NULL),(48,0,NULL),(49,0,NULL),(50,0,NULL),(51,0,NULL),(52,0,NULL),(53,0,NULL),(54,0,NULL),(55,0,NULL),(56,0,NULL),(57,0,NULL),(58,0,NULL),(59,0,NULL),(60,1578945893,NULL),(61,0,NULL),(62,0,NULL),(63,0,NULL),(64,0,NULL),(65,0,NULL),(66,0,NULL),(67,0,NULL),(68,0,NULL),(69,0,NULL),(70,0,NULL),(71,0,NULL),(72,0,NULL),(73,1579032001,NULL),(74,1579032001,NULL),(75,1579032001,NULL),(76,0,NULL),(77,0,NULL),(78,0,NULL),(79,0,NULL),(80,0,NULL),(81,1579032001,NULL),(82,0,NULL),(3781,9000000,NULL),(3801,0,NULL),(3802,1,NULL),(20001,0,'NextArenaPointDistributionTime'),(20002,1579633200,'NextWeeklyQuestResetTime'),(20003,1579039200,'NextBGRandomDailyResetTime'),(20004,0,'cleaning_flags'),(20006,1579039200,'NextGuildDailyResetTime'),(20007,1580497200,'NextMonthlyQuestResetTime'),(20008,1579114800,'NextDailyQuestResetTime'),(20009,1579039200,NULL);
/*!40000 ALTER TABLE `worldstates` ENABLE KEYS */;
UNLOCK TABLES;
/*!40103 SET TIME_ZONE=@OLD_TIME_ZONE */;

/*!40101 SET SQL_MODE=@OLD_SQL_MODE */;
/*!40014 SET FOREIGN_KEY_CHECKS=@OLD_FOREIGN_KEY_CHECKS */;
/*!40014 SET UNIQUE_CHECKS=@OLD_UNIQUE_CHECKS */;
/*!40101 SET CHARACTER_SET_CLIENT=@OLD_CHARACTER_SET_CLIENT */;
/*!40101 SET CHARACTER_SET_RESULTS=@OLD_CHARACTER_SET_RESULTS */;
/*!40101 SET COLLATION_CONNECTION=@OLD_COLLATION_CONNECTION */;
/*!40111 SET SQL_NOTES=@OLD_SQL_NOTES */;

-- Dump completed on 2020-01-15  4:00:04
