-- MySQL dump 10.16  Distrib 10.1.41-MariaDB, for debian-linux-gnu (x86_64)
--
-- Host: localhost    Database: characters
-- ------------------------------------------------------
-- Server version	10.1.41-MariaDB-0+deb9u1

/*!40101 SET @OLD_CHARACTER_SET_CLIENT=@@CHARACTER_SET_CLIENT */;
/*!40101 SET @OLD_CHARACTER_SET_RESULTS=@@CHARACTER_SET_RESULTS */;
/*!40101 SET @OLD_COLLATION_CONNECTION=@@COLLATION_CONNECTION */;
/*!40101 SET NAMES utf8mb4 */;
/*!40103 SET @OLD_TIME_ZONE=@@TIME_ZONE */;
/*!40103 SET TIME_ZONE='+00:00' */;
/*!40014 SET @OLD_UNIQUE_CHECKS=@@UNIQUE_CHECKS, UNIQUE_CHECKS=0 */;
/*!40014 SET @OLD_FOREIGN_KEY_CHECKS=@@FOREIGN_KEY_CHECKS, FOREIGN_KEY_CHECKS=0 */;
/*!40101 SET @OLD_SQL_MODE=@@SQL_MODE, SQL_MODE='NO_AUTO_VALUE_ON_ZERO' */;
/*!40111 SET @OLD_SQL_NOTES=@@SQL_NOTES, SQL_NOTES=0 */;

--
-- Current Database: `characters`
--

CREATE DATABASE /*!32312 IF NOT EXISTS*/ `characters` /*!40100 DEFAULT CHARACTER SET utf8 */;

USE `characters`;

--
-- Table structure for table `account_data`
--

DROP TABLE IF EXISTS `account_data`;
/*!40101 SET @saved_cs_client     = @@character_set_client */;
/*!40101 SET character_set_client = utf8 */;
CREATE TABLE `account_data` (
  `accountId` int(10) unsigned NOT NULL DEFAULT '0' COMMENT 'Account Identifier',
  `type` tinyint(3) unsigned NOT NULL DEFAULT '0',
  `time` int(10) unsigned NOT NULL DEFAULT '0',
  `data` blob NOT NULL,
  PRIMARY KEY (`accountId`,`type`)
) ENGINE=InnoDB DEFAULT CHARSET=utf8;
/*!40101 SET character_set_client = @saved_cs_client */;

--
-- Dumping data for table `account_data`
--

LOCK TABLES `account_data` WRITE;
/*!40000 ALTER TABLE `account_data` DISABLE KEYS */;
INSERT INTO `account_data` VALUES (1,0,1575186759,'SET autoLootDefault \"1\"\nSET displayFreeBagSlots \"1\"\nSET flaggedTutorials \"v##M##%##&##$##:##(##7##*##+##E##N##4##5##6##Z##[##8##)##\\##;##1##.##/##K##9##I##D##A##B##,##C##-##?##0##3##@##J##=##Y##F##V##U##^##]##>##Q##O##X##<\"\nSET profanityFilter \"0\"\nSET guildShowOffline \"0\"\nSET chatStyle \"classic\"\nSET UnitNameFriendlyPlayerName \"0\"\nSET enableCombatText \"0\"\nSET fctSpellMechanics \"1\"\nSET fctSpellMechanicsOther \"1\"\nSET xpBarText \"1\"\nSET playerStatusText \"1\"\nSET petStatusText \"1\"\nSET partyStatusText \"1\"\nSET targetStatusText \"1\"\nSET statusTextPercentage \"1\"\nSET cameraSmoothStyle \"0\"\nSET cameraDistanceMaxFactor \"2\"\nSET showNewbieTips \"0\"\nSET showItemLevel \"1\"\nSET showTutorials \"0\"\nSET talentFrameShown \"1\"\nSET threatShowNumeric \"1\"\nSET ShowAllSpellRanks \"0\"\n'),(1,2,1575186760,'BINDINGMODE 0\r\nbind A STRAFELEFT\r\nbind LEFT TURNLEFT\r\nbind D STRAFERIGHT\r\nbind RIGHT TURNRIGHT\r\nbind Q MULTIACTIONBAR1BUTTON2\r\nbind E MULTIACTIONBAR1BUTTON3\r\nbind NUMLOCK TOGGLEAUTORUN\r\nbind BUTTON4 NONE\r\nbind . TOGGLEAUTORUN\r\nbind ` MULTIACTIONBAR1BUTTON1\r\n'),(1,4,1575186761,'MACRO 1 \"坐骑\" Ability_Mount_Charger\r\n/RandomMount\r\nEND\r\n');
/*!40000 ALTER TABLE `account_data` ENABLE KEYS */;
UNLOCK TABLES;

--
-- Table structure for table `account_instance_times`
--

DROP TABLE IF EXISTS `account_instance_times`;
/*!40101 SET @saved_cs_client     = @@character_set_client */;
/*!40101 SET character_set_client = utf8 */;
CREATE TABLE `account_instance_times` (
  `accountId` int(10) unsigned NOT NULL,
  `instanceId` int(10) unsigned NOT NULL DEFAULT '0',
  `releaseTime` bigint(20) unsigned NOT NULL DEFAULT '0',
  PRIMARY KEY (`accountId`,`instanceId`)
) ENGINE=InnoDB DEFAULT CHARSET=utf8;
/*!40101 SET character_set_client = @saved_cs_client */;

--
-- Dumping data for table `account_instance_times`
--

LOCK TABLES `account_instance_times` WRITE;
/*!40000 ALTER TABLE `account_instance_times` DISABLE KEYS */;
/*!40000 ALTER TABLE `account_instance_times` ENABLE KEYS */;
UNLOCK TABLES;

--
-- Table structure for table `account_tutorial`
--

DROP TABLE IF EXISTS `account_tutorial`;
/*!40101 SET @saved_cs_client     = @@character_set_client */;
/*!40101 SET character_set_client = utf8 */;
CREATE TABLE `account_tutorial` (
  `accountId` int(10) unsigned NOT NULL DEFAULT '0' COMMENT 'Account Identifier',
  `tut0` int(10) unsigned NOT NULL DEFAULT '0',
  `tut1` int(10) unsigned NOT NULL DEFAULT '0',
  `tut2` int(10) unsigned NOT NULL DEFAULT '0',
  `tut3` int(10) unsigned NOT NULL DEFAULT '0',
  `tut4` int(10) unsigned NOT NULL DEFAULT '0',
  `tut5` int(10) unsigned NOT NULL DEFAULT '0',
  `tut6` int(10) unsigned NOT NULL DEFAULT '0',
  `tut7` int(10) unsigned NOT NULL DEFAULT '0',
  PRIMARY KEY (`accountId`)
) ENGINE=InnoDB DEFAULT CHARSET=utf8;
/*!40101 SET character_set_client = @saved_cs_client */;

--
-- Dumping data for table `account_tutorial`
--

LOCK TABLES `account_tutorial` WRITE;
/*!40000 ALTER TABLE `account_tutorial` DISABLE KEYS */;
INSERT INTO `account_tutorial` VALUES (1,4718615,512,0,0,0,0,0,0);
/*!40000 ALTER TABLE `account_tutorial` ENABLE KEYS */;
UNLOCK TABLES;

--
-- Table structure for table `addons`
--

DROP TABLE IF EXISTS `addons`;
/*!40101 SET @saved_cs_client     = @@character_set_client */;
/*!40101 SET character_set_client = utf8 */;
CREATE TABLE `addons` (
  `name` varchar(120) NOT NULL DEFAULT '',
  `crc` int(10) unsigned NOT NULL DEFAULT '0',
  PRIMARY KEY (`name`)
) ENGINE=InnoDB DEFAULT CHARSET=utf8 COMMENT='Addons';
/*!40101 SET character_set_client = @saved_cs_client */;

--
-- Dumping data for table `addons`
--

LOCK TABLES `addons` WRITE;
/*!40000 ALTER TABLE `addons` DISABLE KEYS */;
INSERT INTO `addons` VALUES ('Blizzard_AchievementUI',1276933997),('Blizzard_ArenaUI',1276933997),('Blizzard_AuctionUI',1276933997),('Blizzard_BarbershopUI',1276933997),('Blizzard_BattlefieldMinimap',1276933997),('Blizzard_BindingUI',1276933997),('Blizzard_Calendar',1276933997),('Blizzard_CombatLog',1276933997),('Blizzard_CombatText',1276933997),('Blizzard_DebugTools',1276933997),('Blizzard_GlyphUI',1276933997),('Blizzard_GMChatUI',1276933997),('Blizzard_GMSurveyUI',1276933997),('Blizzard_GuildBankUI',1276933997),('Blizzard_InspectUI',1276933997),('Blizzard_ItemSocketingUI',1276933997),('Blizzard_MacroUI',1276933997),('Blizzard_RaidUI',1276933997),('Blizzard_TalentUI',1276933997),('Blizzard_TimeManager',1276933997),('Blizzard_TokenUI',1276933997),('Blizzard_TradeSkillUI',1276933997),('Blizzard_TrainerUI',1276933997);
/*!40000 ALTER TABLE `addons` ENABLE KEYS */;
UNLOCK TABLES;

--
-- Table structure for table `arena_team`
--

DROP TABLE IF EXISTS `arena_team`;
/*!40101 SET @saved_cs_client     = @@character_set_client */;
/*!40101 SET character_set_client = utf8 */;
CREATE TABLE `arena_team` (
  `arenaTeamId` int(10) unsigned NOT NULL DEFAULT '0',
  `name` varchar(24) NOT NULL,
  `captainGuid` int(10) unsigned NOT NULL DEFAULT '0',
  `type` tinyint(3) unsigned NOT NULL DEFAULT '0',
  `rating` smallint(5) unsigned NOT NULL DEFAULT '0',
  `seasonGames` smallint(5) unsigned NOT NULL DEFAULT '0',
  `seasonWins` smallint(5) unsigned NOT NULL DEFAULT '0',
  `weekGames` smallint(5) unsigned NOT NULL DEFAULT '0',
  `weekWins` smallint(5) unsigned NOT NULL DEFAULT '0',
  `rank` int(10) unsigned NOT NULL DEFAULT '0',
  `backgroundColor` int(10) unsigned NOT NULL DEFAULT '0',
  `emblemStyle` tinyint(3) unsigned NOT NULL DEFAULT '0',
  `emblemColor` int(10) unsigned NOT NULL DEFAULT '0',
  `borderStyle` tinyint(3) unsigned NOT NULL DEFAULT '0',
  `borderColor` int(10) unsigned NOT NULL DEFAULT '0',
  PRIMARY KEY (`arenaTeamId`)
) ENGINE=InnoDB DEFAULT CHARSET=utf8;
/*!40101 SET character_set_client = @saved_cs_client */;

--
-- Dumping data for table `arena_team`
--

LOCK TABLES `arena_team` WRITE;
/*!40000 ALTER TABLE `arena_team` DISABLE KEYS */;
/*!40000 ALTER TABLE `arena_team` ENABLE KEYS */;
UNLOCK TABLES;

--
-- Table structure for table `arena_team_member`
--

DROP TABLE IF EXISTS `arena_team_member`;
/*!40101 SET @saved_cs_client     = @@character_set_client */;
/*!40101 SET character_set_client = utf8 */;
CREATE TABLE `arena_team_member` (
  `arenaTeamId` int(10) unsigned NOT NULL DEFAULT '0',
  `guid` int(10) unsigned NOT NULL DEFAULT '0',
  `weekGames` smallint(5) unsigned NOT NULL DEFAULT '0',
  `weekWins` smallint(5) unsigned NOT NULL DEFAULT '0',
  `seasonGames` smallint(5) unsigned NOT NULL DEFAULT '0',
  `seasonWins` smallint(5) unsigned NOT NULL DEFAULT '0',
  `personalRating` smallint(5) unsigned NOT NULL DEFAULT '0',
  PRIMARY KEY (`arenaTeamId`,`guid`)
) ENGINE=InnoDB DEFAULT CHARSET=utf8;
/*!40101 SET character_set_client = @saved_cs_client */;

--
-- Dumping data for table `arena_team_member`
--

LOCK TABLES `arena_team_member` WRITE;
/*!40000 ALTER TABLE `arena_team_member` DISABLE KEYS */;
/*!40000 ALTER TABLE `arena_team_member` ENABLE KEYS */;
UNLOCK TABLES;

--
-- Table structure for table `auctionbidders`
--

DROP TABLE IF EXISTS `auctionbidders`;
/*!40101 SET @saved_cs_client     = @@character_set_client */;
/*!40101 SET character_set_client = utf8 */;
CREATE TABLE `auctionbidders` (
  `id` int(10) unsigned NOT NULL DEFAULT '0',
  `bidderguid` int(10) unsigned NOT NULL DEFAULT '0',
  PRIMARY KEY (`id`,`bidderguid`)
) ENGINE=InnoDB DEFAULT CHARSET=utf8;
/*!40101 SET character_set_client = @saved_cs_client */;

--
-- Dumping data for table `auctionbidders`
--

LOCK TABLES `auctionbidders` WRITE;
/*!40000 ALTER TABLE `auctionbidders` DISABLE KEYS */;
/*!40000 ALTER TABLE `auctionbidders` ENABLE KEYS */;
UNLOCK TABLES;

--
-- Table structure for table `auctionhouse`
--

DROP TABLE IF EXISTS `auctionhouse`;
/*!40101 SET @saved_cs_client     = @@character_set_client */;
/*!40101 SET character_set_client = utf8 */;
CREATE TABLE `auctionhouse` (
  `id` int(10) unsigned NOT NULL DEFAULT '0',
  `houseid` tinyint(3) unsigned NOT NULL DEFAULT '7',
  `itemguid` int(10) unsigned NOT NULL DEFAULT '0',
  `itemowner` int(10) unsigned NOT NULL DEFAULT '0',
  `buyoutprice` int(10) unsigned NOT NULL DEFAULT '0',
  `time` int(10) unsigned NOT NULL DEFAULT '0',
  `buyguid` int(10) unsigned NOT NULL DEFAULT '0',
  `lastbid` int(10) unsigned NOT NULL DEFAULT '0',
  `startbid` int(10) unsigned NOT NULL DEFAULT '0',
  `deposit` int(10) unsigned NOT NULL DEFAULT '0',
  PRIMARY KEY (`id`),
  UNIQUE KEY `item_guid` (`itemguid`)
) ENGINE=InnoDB DEFAULT CHARSET=utf8;
/*!40101 SET character_set_client = @saved_cs_client */;

--
-- Dumping data for table `auctionhouse`
--

LOCK TABLES `auctionhouse` WRITE;
/*!40000 ALTER TABLE `auctionhouse` DISABLE KEYS */;
/*!40000 ALTER TABLE `auctionhouse` ENABLE KEYS */;
UNLOCK TABLES;

--
-- Table structure for table `banned_addons`
--

DROP TABLE IF EXISTS `banned_addons`;
/*!40101 SET @saved_cs_client     = @@character_set_client */;
/*!40101 SET character_set_client = utf8 */;
CREATE TABLE `banned_addons` (
  `Id` int(10) unsigned NOT NULL AUTO_INCREMENT,
  `Name` varchar(255) NOT NULL,
  `Version` varchar(255) NOT NULL DEFAULT '',
  `Timestamp` timestamp NOT NULL DEFAULT CURRENT_TIMESTAMP ON UPDATE CURRENT_TIMESTAMP,
  PRIMARY KEY (`Id`),
  UNIQUE KEY `idx_name_ver` (`Name`,`Version`)
) ENGINE=InnoDB DEFAULT CHARSET=utf8;
/*!40101 SET character_set_client = @saved_cs_client */;

--
-- Dumping data for table `banned_addons`
--

LOCK TABLES `banned_addons` WRITE;
/*!40000 ALTER TABLE `banned_addons` DISABLE KEYS */;
/*!40000 ALTER TABLE `banned_addons` ENABLE KEYS */;
UNLOCK TABLES;

--
-- Table structure for table `battleground_deserters`
--

DROP TABLE IF EXISTS `battleground_deserters`;
/*!40101 SET @saved_cs_client     = @@character_set_client */;
/*!40101 SET character_set_client = utf8 */;
CREATE TABLE `battleground_deserters` (
  `guid` int(10) unsigned NOT NULL COMMENT 'characters.guid',
  `type` tinyint(3) unsigned NOT NULL COMMENT 'type of the desertion',
  `datetime` datetime NOT NULL COMMENT 'datetime of the desertion'
) ENGINE=InnoDB DEFAULT CHARSET=latin1;
/*!40101 SET character_set_client = @saved_cs_client */;

--
-- Dumping data for table `battleground_deserters`
--

LOCK TABLES `battleground_deserters` WRITE;
/*!40000 ALTER TABLE `battleground_deserters` DISABLE KEYS */;
/*!40000 ALTER TABLE `battleground_deserters` ENABLE KEYS */;
UNLOCK TABLES;

--
-- Table structure for table `bugreport`
--

DROP TABLE IF EXISTS `bugreport`;
/*!40101 SET @saved_cs_client     = @@character_set_client */;
/*!40101 SET character_set_client = utf8 */;
CREATE TABLE `bugreport` (
  `id` int(10) unsigned NOT NULL AUTO_INCREMENT COMMENT 'Identifier',
  `type` longtext NOT NULL,
  `content` longtext NOT NULL,
  PRIMARY KEY (`id`)
) ENGINE=InnoDB DEFAULT CHARSET=utf8 COMMENT='Debug System';
/*!40101 SET character_set_client = @saved_cs_client */;

--
-- Dumping data for table `bugreport`
--

LOCK TABLES `bugreport` WRITE;
/*!40000 ALTER TABLE `bugreport` DISABLE KEYS */;
/*!40000 ALTER TABLE `bugreport` ENABLE KEYS */;
UNLOCK TABLES;

--
-- Table structure for table `calendar_events`
--

DROP TABLE IF EXISTS `calendar_events`;
/*!40101 SET @saved_cs_client     = @@character_set_client */;
/*!40101 SET character_set_client = utf8 */;
CREATE TABLE `calendar_events` (
  `id` bigint(20) unsigned NOT NULL DEFAULT '0',
  `creator` int(10) unsigned NOT NULL DEFAULT '0',
  `title` varchar(255) NOT NULL DEFAULT '',
  `description` varchar(255) NOT NULL DEFAULT '',
  `type` tinyint(1) unsigned NOT NULL DEFAULT '4',
  `dungeon` int(10) NOT NULL DEFAULT '-1',
  `eventtime` int(10) unsigned NOT NULL DEFAULT '0',
  `flags` int(10) unsigned NOT NULL DEFAULT '0',
  `time2` int(10) unsigned NOT NULL DEFAULT '0',
  PRIMARY KEY (`id`)
) ENGINE=InnoDB DEFAULT CHARSET=utf8;
/*!40101 SET character_set_client = @saved_cs_client */;

--
-- Dumping data for table `calendar_events`
--

LOCK TABLES `calendar_events` WRITE;
/*!40000 ALTER TABLE `calendar_events` DISABLE KEYS */;
/*!40000 ALTER TABLE `calendar_events` ENABLE KEYS */;
UNLOCK TABLES;

--
-- Table structure for table `calendar_invites`
--

DROP TABLE IF EXISTS `calendar_invites`;
/*!40101 SET @saved_cs_client     = @@character_set_client */;
/*!40101 SET character_set_client = utf8 */;
CREATE TABLE `calendar_invites` (
  `id` bigint(20) unsigned NOT NULL DEFAULT '0',
  `event` bigint(20) unsigned NOT NULL DEFAULT '0',
  `invitee` int(10) unsigned NOT NULL DEFAULT '0',
  `sender` int(10) unsigned NOT NULL DEFAULT '0',
  `status` tinyint(1) unsigned NOT NULL DEFAULT '0',
  `statustime` int(10) unsigned NOT NULL DEFAULT '0',
  `rank` tinyint(1) unsigned NOT NULL DEFAULT '0',
  `text` varchar(255) NOT NULL DEFAULT '',
  PRIMARY KEY (`id`)
) ENGINE=InnoDB DEFAULT CHARSET=utf8;
/*!40101 SET character_set_client = @saved_cs_client */;

--
-- Dumping data for table `calendar_invites`
--

LOCK TABLES `calendar_invites` WRITE;
/*!40000 ALTER TABLE `calendar_invites` DISABLE KEYS */;
/*!40000 ALTER TABLE `calendar_invites` ENABLE KEYS */;
UNLOCK TABLES;

--
-- Table structure for table `channels`
--

DROP TABLE IF EXISTS `channels`;
/*!40101 SET @saved_cs_client     = @@character_set_client */;
/*!40101 SET character_set_client = utf8 */;
CREATE TABLE `channels` (
  `name` varchar(128) NOT NULL,
  `team` int(10) unsigned NOT NULL,
  `announce` tinyint(3) unsigned NOT NULL DEFAULT '1',
  `ownership` tinyint(3) unsigned NOT NULL DEFAULT '1',
  `password` varchar(32) DEFAULT NULL,
  `bannedList` text,
  `lastUsed` int(10) unsigned NOT NULL,
  PRIMARY KEY (`name`,`team`)
) ENGINE=InnoDB DEFAULT CHARSET=utf8 COMMENT='Channel System';
/*!40101 SET character_set_client = @saved_cs_client */;

--
-- Dumping data for table `channels`
--

LOCK TABLES `channels` WRITE;
/*!40000 ALTER TABLE `channels` DISABLE KEYS */;
/*!40000 ALTER TABLE `channels` ENABLE KEYS */;
UNLOCK TABLES;

--
-- Table structure for table `character_account_data`
--

DROP TABLE IF EXISTS `character_account_data`;
/*!40101 SET @saved_cs_client     = @@character_set_client */;
/*!40101 SET character_set_client = utf8 */;
CREATE TABLE `character_account_data` (
  `guid` int(10) unsigned NOT NULL DEFAULT '0',
  `type` tinyint(3) unsigned NOT NULL DEFAULT '0',
  `time` int(10) unsigned NOT NULL DEFAULT '0',
  `data` blob NOT NULL,
  PRIMARY KEY (`guid`,`type`)
) ENGINE=InnoDB DEFAULT CHARSET=utf8;
/*!40101 SET character_set_client = @saved_cs_client */;

--
-- Dumping data for table `character_account_data`
--

LOCK TABLES `character_account_data` WRITE;
/*!40000 ALTER TABLE `character_account_data` DISABLE KEYS */;
/*!40000 ALTER TABLE `character_account_data` ENABLE KEYS */;
UNLOCK TABLES;

--
-- Table structure for table `character_achievement`
--

DROP TABLE IF EXISTS `character_achievement`;
/*!40101 SET @saved_cs_client     = @@character_set_client */;
/*!40101 SET character_set_client = utf8 */;
CREATE TABLE `character_achievement` (
  `guid` int(10) unsigned NOT NULL,
  `achievement` smallint(5) unsigned NOT NULL,
  `date` int(10) unsigned NOT NULL DEFAULT '0',
  PRIMARY KEY (`guid`,`achievement`)
) ENGINE=InnoDB DEFAULT CHARSET=utf8;
/*!40101 SET character_set_client = @saved_cs_client */;

--
-- Dumping data for table `character_achievement`
--

LOCK TABLES `character_achievement` WRITE;
/*!40000 ALTER TABLE `character_achievement` DISABLE KEYS */;
INSERT INTO `character_achievement` VALUES (11,131,1575188983),(11,132,1575188983),(11,133,1575188983);
/*!40000 ALTER TABLE `character_achievement` ENABLE KEYS */;
UNLOCK TABLES;

--
-- Table structure for table `character_achievement_progress`
--

DROP TABLE IF EXISTS `character_achievement_progress`;
/*!40101 SET @saved_cs_client     = @@character_set_client */;
/*!40101 SET character_set_client = utf8 */;
CREATE TABLE `character_achievement_progress` (
  `guid` int(10) unsigned NOT NULL,
  `criteria` smallint(5) unsigned NOT NULL,
  `counter` int(10) unsigned NOT NULL,
  `date` int(10) unsigned NOT NULL DEFAULT '0',
  PRIMARY KEY (`guid`,`criteria`)
) ENGINE=InnoDB DEFAULT CHARSET=utf8;
/*!40101 SET character_set_client = @saved_cs_client */;

--
-- Dumping data for table `character_achievement_progress`
--

LOCK TABLES `character_achievement_progress` WRITE;
/*!40000 ALTER TABLE `character_achievement_progress` DISABLE KEYS */;
INSERT INTO `character_achievement_progress` VALUES (2,167,1,1575187229),(2,655,1,1575187229),(2,753,1,1575187229),(2,755,1,1575187229),(2,756,1,1575187229),(2,5576,1,1575187229),(2,5577,1,1575187229),(2,5580,1,1575187229),(2,5589,1,1575187229),(3,167,1,1575187505),(3,653,1,1575187505),(3,657,1,1575187505),(3,756,1,1575187505),(3,757,1,1575187505),(3,5585,1,1575187505),(3,5586,1,1575187505),(3,5589,1,1575187505),(3,5591,1,1575187505),(4,167,1,1575187659),(4,653,1,1575187659),(4,655,1,1575187659),(4,657,1,1575187659),(4,756,1,1575187659),(4,5580,1,1575187659),(4,5585,1,1575187659),(4,5589,1,1575187659),(4,5591,1,1575187659),(5,167,1,1575187940),(5,655,1,1575187940),(5,657,1,1575187940),(5,756,1,1575187940),(5,5580,1,1575187940),(5,5589,1,1575187940),(5,5591,1,1575187940),(6,167,1,1575188077),(6,657,1,1575188077),(6,756,1,1575188077),(6,757,1,1575188077),(6,5586,1,1575188077),(6,5589,1,1575188077),(6,5591,1,1575188077),(7,167,1,1575188244),(7,641,1,1575188244),(7,653,1,1575188244),(7,655,1,1575188244),(7,753,1,1575188244),(7,754,1,1575188244),(7,755,1,1575188244),(7,756,1,1575188244),(7,5576,1,1575188244),(7,5577,1,1575188244),(7,5578,1,1575188244),(7,5579,1,1575188244),(7,5580,1,1575188244),(7,5585,1,1575188244),(7,5589,1,1575188244),(8,167,1,1575188357),(8,641,1,1575188357),(8,654,1,1575188357),(8,753,1,1575188357),(8,754,1,1575188357),(8,756,1,1575188357),(8,5576,1,1575188357),(8,5578,1,1575188357),(8,5579,1,1575188357),(8,5583,1,1575188357),(8,5589,1,1575188357),(9,167,1,1575188492),(9,653,1,1575188492),(9,756,1,1575188492),(9,5585,1,1575188492),(9,5587,1,1575188492),(9,5589,1,1575188492),(9,9378,1,1575188492),(10,167,1,1575188673),(10,655,1,1575188673),(10,657,1,1575188673),(10,756,1,1575188673),(10,757,1,1575188673),(10,5580,1,1575188673),(10,5586,1,1575188673),(10,5589,1,1575188673),(10,5591,1,1575188673),(11,167,270,1575188983),(11,641,270,1575188983),(11,656,270,1575188983),(11,753,270,1575188983),(11,754,270,1575188983),(11,755,270,1575188983),(11,756,270,1575188983),(11,840,300,1575188983),(11,841,300,1575188983),(11,842,300,1575188983),(11,843,300,1575188983),(11,844,300,1575188983),(11,5562,270,1575188983),(11,5576,270,1575188983),(11,5577,270,1575188983),(11,5578,270,1575188983),(11,5579,270,1575188983),(11,5589,270,1575188983),(11,5590,270,1575188983),(11,5592,270,1575188983),(11,6394,15,1575188983),(11,7222,15,1575188983),(11,12698,30,1575188983);
/*!40000 ALTER TABLE `character_achievement_progress` ENABLE KEYS */;
UNLOCK TABLES;

--
-- Table structure for table `character_action`
--

DROP TABLE IF EXISTS `character_action`;
/*!40101 SET @saved_cs_client     = @@character_set_client */;
/*!40101 SET character_set_client = utf8 */;
CREATE TABLE `character_action` (
  `guid` int(10) unsigned NOT NULL DEFAULT '0',
  `spec` tinyint(3) unsigned NOT NULL DEFAULT '0',
  `button` tinyint(3) unsigned NOT NULL DEFAULT '0',
  `action` int(10) unsigned NOT NULL DEFAULT '0',
  `type` tinyint(3) unsigned NOT NULL DEFAULT '0',
  PRIMARY KEY (`guid`,`spec`,`button`)
) ENGINE=InnoDB DEFAULT CHARSET=utf8;
/*!40101 SET character_set_client = @saved_cs_client */;

--
-- Dumping data for table `character_action`
--

LOCK TABLES `character_action` WRITE;
/*!40000 ALTER TABLE `character_action` DISABLE KEYS */;
INSERT INTO `character_action` VALUES (2,0,0,6603,0),(2,0,1,21084,0),(2,0,2,635,0),(2,0,3,28730,0),(3,0,0,686,0),(3,0,1,687,0),(3,0,2,20577,0),(4,0,0,5176,0),(4,0,1,5185,0),(4,0,11,58984,0),(5,0,0,6603,0),(5,0,1,403,0),(5,0,2,331,0),(5,0,3,59547,0),(6,0,0,133,0),(6,0,1,168,0),(6,0,11,59752,0),(7,0,0,6603,0),(7,0,72,6603,0),(7,0,73,78,0),(7,0,74,20572,0),(7,0,84,6603,0),(7,0,96,6603,0),(7,0,108,6603,0),(8,0,0,6603,0),(8,0,1,2973,0),(8,0,2,75,0),(8,0,3,20549,0),(8,0,76,20549,0),(9,0,0,6603,0),(9,0,1,1752,0),(9,0,2,2098,0),(9,0,3,2764,0),(9,0,11,20589,0),(10,0,0,585,0),(10,0,1,2050,0),(10,0,2,20594,0),(10,0,3,2481,0),(11,0,0,6603,0),(11,0,1,49576,0),(11,0,2,45477,0),(11,0,3,45462,0),(11,0,4,45902,0),(11,0,5,47541,0),(11,0,10,26297,0);
/*!40000 ALTER TABLE `character_action` ENABLE KEYS */;
UNLOCK TABLES;

--
-- Table structure for table `character_arena_stats`
--

DROP TABLE IF EXISTS `character_arena_stats`;
/*!40101 SET @saved_cs_client     = @@character_set_client */;
/*!40101 SET character_set_client = utf8 */;
CREATE TABLE `character_arena_stats` (
  `guid` int(10) unsigned NOT NULL DEFAULT '0',
  `slot` tinyint(3) unsigned NOT NULL DEFAULT '0',
  `matchMakerRating` smallint(5) unsigned NOT NULL DEFAULT '0',
  PRIMARY KEY (`guid`,`slot`)
) ENGINE=InnoDB DEFAULT CHARSET=utf8;
/*!40101 SET character_set_client = @saved_cs_client */;

--
-- Dumping data for table `character_arena_stats`
--

LOCK TABLES `character_arena_stats` WRITE;
/*!40000 ALTER TABLE `character_arena_stats` DISABLE KEYS */;
/*!40000 ALTER TABLE `character_arena_stats` ENABLE KEYS */;
UNLOCK TABLES;

--
-- Table structure for table `character_aura`
--

DROP TABLE IF EXISTS `character_aura`;
/*!40101 SET @saved_cs_client     = @@character_set_client */;
/*!40101 SET character_set_client = utf8 */;
CREATE TABLE `character_aura` (
  `guid` int(10) unsigned NOT NULL DEFAULT '0' COMMENT 'Global Unique Identifier',
  `casterGuid` bigint(20) unsigned NOT NULL DEFAULT '0' COMMENT 'Full Global Unique Identifier',
  `itemGuid` bigint(20) unsigned NOT NULL DEFAULT '0',
  `spell` mediumint(8) unsigned NOT NULL DEFAULT '0',
  `effectMask` tinyint(3) unsigned NOT NULL DEFAULT '0',
  `recalculateMask` tinyint(3) unsigned NOT NULL DEFAULT '0',
  `stackCount` tinyint(3) unsigned NOT NULL DEFAULT '1',
  `amount0` int(11) NOT NULL DEFAULT '0',
  `amount1` int(11) NOT NULL DEFAULT '0',
  `amount2` int(11) NOT NULL DEFAULT '0',
  `base_amount0` int(11) NOT NULL DEFAULT '0',
  `base_amount1` int(11) NOT NULL DEFAULT '0',
  `base_amount2` int(11) NOT NULL DEFAULT '0',
  `maxDuration` int(11) NOT NULL DEFAULT '0',
  `remainTime` int(11) NOT NULL DEFAULT '0',
  `remainCharges` tinyint(3) unsigned NOT NULL DEFAULT '0',
  `critChance` float NOT NULL DEFAULT '0',
  `applyResilience` tinyint(3) NOT NULL DEFAULT '0',
  PRIMARY KEY (`guid`,`casterGuid`,`itemGuid`,`spell`,`effectMask`)
) ENGINE=InnoDB DEFAULT CHARSET=utf8 COMMENT='Player System';
/*!40101 SET character_set_client = @saved_cs_client */;

--
-- Dumping data for table `character_aura`
--

LOCK TABLES `character_aura` WRITE;
/*!40000 ALTER TABLE `character_aura` DISABLE KEYS */;
/*!40000 ALTER TABLE `character_aura` ENABLE KEYS */;
UNLOCK TABLES;

--
-- Table structure for table `character_banned`
--

DROP TABLE IF EXISTS `character_banned`;
/*!40101 SET @saved_cs_client     = @@character_set_client */;
/*!40101 SET character_set_client = utf8 */;
CREATE TABLE `character_banned` (
  `guid` int(10) unsigned NOT NULL DEFAULT '0' COMMENT 'Global Unique Identifier',
  `bandate` int(10) unsigned NOT NULL DEFAULT '0',
  `unbandate` int(10) unsigned NOT NULL DEFAULT '0',
  `bannedby` varchar(50) NOT NULL,
  `banreason` varchar(255) NOT NULL,
  `active` tinyint(3) unsigned NOT NULL DEFAULT '1',
  PRIMARY KEY (`guid`,`bandate`)
) ENGINE=InnoDB DEFAULT CHARSET=utf8 COMMENT='Ban List';
/*!40101 SET character_set_client = @saved_cs_client */;

--
-- Dumping data for table `character_banned`
--

LOCK TABLES `character_banned` WRITE;
/*!40000 ALTER TABLE `character_banned` DISABLE KEYS */;
/*!40000 ALTER TABLE `character_banned` ENABLE KEYS */;
UNLOCK TABLES;

--
-- Table structure for table `character_battleground_data`
--

DROP TABLE IF EXISTS `character_battleground_data`;
/*!40101 SET @saved_cs_client     = @@character_set_client */;
/*!40101 SET character_set_client = utf8 */;
CREATE TABLE `character_battleground_data` (
  `guid` int(10) unsigned NOT NULL DEFAULT '0' COMMENT 'Global Unique Identifier',
  `instanceId` int(10) unsigned NOT NULL COMMENT 'Instance Identifier',
  `team` smallint(5) unsigned NOT NULL,
  `joinX` float NOT NULL DEFAULT '0',
  `joinY` float NOT NULL DEFAULT '0',
  `joinZ` float NOT NULL DEFAULT '0',
  `joinO` float NOT NULL DEFAULT '0',
  `joinMapId` smallint(5) unsigned NOT NULL DEFAULT '0' COMMENT 'Map Identifier',
  `taxiStart` int(10) unsigned NOT NULL DEFAULT '0',
  `taxiEnd` int(10) unsigned NOT NULL DEFAULT '0',
  `mountSpell` mediumint(8) unsigned NOT NULL DEFAULT '0',
  PRIMARY KEY (`guid`)
) ENGINE=InnoDB DEFAULT CHARSET=utf8 COMMENT='Player System';
/*!40101 SET character_set_client = @saved_cs_client */;

--
-- Dumping data for table `character_battleground_data`
--

LOCK TABLES `character_battleground_data` WRITE;
/*!40000 ALTER TABLE `character_battleground_data` DISABLE KEYS */;
INSERT INTO `character_battleground_data` VALUES (2,0,0,0,0,0,0,65535,0,0,0),(3,0,0,0,0,0,0,65535,0,0,0),(4,0,0,0,0,0,0,65535,0,0,0),(5,0,0,0,0,0,0,65535,0,0,0),(6,0,0,0,0,0,0,65535,0,0,0),(7,0,0,0,0,0,0,65535,0,0,0),(8,0,0,0,0,0,0,65535,0,0,0),(9,0,0,0,0,0,0,65535,0,0,0),(10,0,0,0,0,0,0,65535,0,0,0),(11,0,0,0,0,0,0,65535,0,0,0);
/*!40000 ALTER TABLE `character_battleground_data` ENABLE KEYS */;
UNLOCK TABLES;

--
-- Table structure for table `character_battleground_random`
--

DROP TABLE IF EXISTS `character_battleground_random`;
/*!40101 SET @saved_cs_client     = @@character_set_client */;
/*!40101 SET character_set_client = utf8 */;
CREATE TABLE `character_battleground_random` (
  `guid` int(10) unsigned NOT NULL DEFAULT '0',
  PRIMARY KEY (`guid`)
) ENGINE=InnoDB DEFAULT CHARSET=utf8;
/*!40101 SET character_set_client = @saved_cs_client */;

--
-- Dumping data for table `character_battleground_random`
--

LOCK TABLES `character_battleground_random` WRITE;
/*!40000 ALTER TABLE `character_battleground_random` DISABLE KEYS */;
/*!40000 ALTER TABLE `character_battleground_random` ENABLE KEYS */;
UNLOCK TABLES;

--
-- Table structure for table `character_declinedname`
--

DROP TABLE IF EXISTS `character_declinedname`;
/*!40101 SET @saved_cs_client     = @@character_set_client */;
/*!40101 SET character_set_client = utf8 */;
CREATE TABLE `character_declinedname` (
  `guid` int(10) unsigned NOT NULL DEFAULT '0' COMMENT 'Global Unique Identifier',
  `genitive` varchar(15) NOT NULL DEFAULT '',
  `dative` varchar(15) NOT NULL DEFAULT '',
  `accusative` varchar(15) NOT NULL DEFAULT '',
  `instrumental` varchar(15) NOT NULL DEFAULT '',
  `prepositional` varchar(15) NOT NULL DEFAULT '',
  PRIMARY KEY (`guid`)
) ENGINE=InnoDB DEFAULT CHARSET=utf8;
/*!40101 SET character_set_client = @saved_cs_client */;

--
-- Dumping data for table `character_declinedname`
--

LOCK TABLES `character_declinedname` WRITE;
/*!40000 ALTER TABLE `character_declinedname` DISABLE KEYS */;
/*!40000 ALTER TABLE `character_declinedname` ENABLE KEYS */;
UNLOCK TABLES;

--
-- Table structure for table `character_equipmentsets`
--

DROP TABLE IF EXISTS `character_equipmentsets`;
/*!40101 SET @saved_cs_client     = @@character_set_client */;
/*!40101 SET character_set_client = utf8 */;
CREATE TABLE `character_equipmentsets` (
  `guid` int(10) unsigned NOT NULL DEFAULT '0',
  `setguid` bigint(20) unsigned NOT NULL AUTO_INCREMENT,
  `setindex` tinyint(3) unsigned NOT NULL DEFAULT '0',
  `name` varchar(31) NOT NULL,
  `iconname` varchar(100) NOT NULL,
  `ignore_mask` int(11) unsigned NOT NULL DEFAULT '0',
  `item0` int(11) unsigned NOT NULL DEFAULT '0',
  `item1` int(11) unsigned NOT NULL DEFAULT '0',
  `item2` int(11) unsigned NOT NULL DEFAULT '0',
  `item3` int(11) unsigned NOT NULL DEFAULT '0',
  `item4` int(11) unsigned NOT NULL DEFAULT '0',
  `item5` int(11) unsigned NOT NULL DEFAULT '0',
  `item6` int(11) unsigned NOT NULL DEFAULT '0',
  `item7` int(11) unsigned NOT NULL DEFAULT '0',
  `item8` int(11) unsigned NOT NULL DEFAULT '0',
  `item9` int(11) unsigned NOT NULL DEFAULT '0',
  `item10` int(11) unsigned NOT NULL DEFAULT '0',
  `item11` int(11) unsigned NOT NULL DEFAULT '0',
  `item12` int(11) unsigned NOT NULL DEFAULT '0',
  `item13` int(11) unsigned NOT NULL DEFAULT '0',
  `item14` int(11) unsigned NOT NULL DEFAULT '0',
  `item15` int(11) unsigned NOT NULL DEFAULT '0',
  `item16` int(11) unsigned NOT NULL DEFAULT '0',
  `item17` int(11) unsigned NOT NULL DEFAULT '0',
  `item18` int(11) unsigned NOT NULL DEFAULT '0',
  PRIMARY KEY (`setguid`),
  UNIQUE KEY `idx_set` (`guid`,`setguid`,`setindex`),
  KEY `Idx_setindex` (`setindex`)
) ENGINE=InnoDB DEFAULT CHARSET=utf8;
/*!40101 SET character_set_client = @saved_cs_client */;

--
-- Dumping data for table `character_equipmentsets`
--

LOCK TABLES `character_equipmentsets` WRITE;
/*!40000 ALTER TABLE `character_equipmentsets` DISABLE KEYS */;
/*!40000 ALTER TABLE `character_equipmentsets` ENABLE KEYS */;
UNLOCK TABLES;

--
-- Table structure for table `character_fishingsteps`
--

DROP TABLE IF EXISTS `character_fishingsteps`;
/*!40101 SET @saved_cs_client     = @@character_set_client */;
/*!40101 SET character_set_client = utf8 */;
CREATE TABLE `character_fishingsteps` (
  `guid` int(10) unsigned NOT NULL DEFAULT '0' COMMENT 'Global Unique Identifier',
  `fishingSteps` tinyint(3) unsigned NOT NULL DEFAULT '0',
  PRIMARY KEY (`guid`)
) ENGINE=InnoDB DEFAULT CHARSET=utf8;
/*!40101 SET character_set_client = @saved_cs_client */;

--
-- Dumping data for table `character_fishingsteps`
--

LOCK TABLES `character_fishingsteps` WRITE;
/*!40000 ALTER TABLE `character_fishingsteps` DISABLE KEYS */;
/*!40000 ALTER TABLE `character_fishingsteps` ENABLE KEYS */;
UNLOCK TABLES;

--
-- Table structure for table `character_gifts`
--

DROP TABLE IF EXISTS `character_gifts`;
/*!40101 SET @saved_cs_client     = @@character_set_client */;
/*!40101 SET character_set_client = utf8 */;
CREATE TABLE `character_gifts` (
  `guid` int(10) unsigned NOT NULL DEFAULT '0',
  `item_guid` int(10) unsigned NOT NULL DEFAULT '0',
  `entry` int(10) unsigned NOT NULL DEFAULT '0',
  `flags` int(10) unsigned NOT NULL DEFAULT '0',
  PRIMARY KEY (`item_guid`),
  KEY `idx_guid` (`guid`)
) ENGINE=InnoDB DEFAULT CHARSET=utf8;
/*!40101 SET character_set_client = @saved_cs_client */;

--
-- Dumping data for table `character_gifts`
--

LOCK TABLES `character_gifts` WRITE;
/*!40000 ALTER TABLE `character_gifts` DISABLE KEYS */;
/*!40000 ALTER TABLE `character_gifts` ENABLE KEYS */;
UNLOCK TABLES;

--
-- Table structure for table `character_glyphs`
--

DROP TABLE IF EXISTS `character_glyphs`;
/*!40101 SET @saved_cs_client     = @@character_set_client */;
/*!40101 SET character_set_client = utf8 */;
CREATE TABLE `character_glyphs` (
  `guid` int(10) unsigned NOT NULL,
  `talentGroup` tinyint(3) unsigned NOT NULL DEFAULT '0',
  `glyph1` smallint(5) unsigned DEFAULT '0',
  `glyph2` smallint(5) unsigned DEFAULT '0',
  `glyph3` smallint(5) unsigned DEFAULT '0',
  `glyph4` smallint(5) unsigned DEFAULT '0',
  `glyph5` smallint(5) unsigned DEFAULT '0',
  `glyph6` smallint(5) unsigned DEFAULT '0',
  PRIMARY KEY (`guid`,`talentGroup`)
) ENGINE=InnoDB DEFAULT CHARSET=utf8;
/*!40101 SET character_set_client = @saved_cs_client */;

--
-- Dumping data for table `character_glyphs`
--

LOCK TABLES `character_glyphs` WRITE;
/*!40000 ALTER TABLE `character_glyphs` DISABLE KEYS */;
INSERT INTO `character_glyphs` VALUES (2,0,0,0,0,0,0,0),(3,0,0,0,0,0,0,0),(4,0,0,0,0,0,0,0),(5,0,0,0,0,0,0,0),(6,0,0,0,0,0,0,0),(7,0,0,0,0,0,0,0),(8,0,0,0,0,0,0,0),(9,0,0,0,0,0,0,0),(10,0,0,0,0,0,0,0),(11,0,0,0,0,0,0,0);
/*!40000 ALTER TABLE `character_glyphs` ENABLE KEYS */;
UNLOCK TABLES;

--
-- Table structure for table `character_homebind`
--

DROP TABLE IF EXISTS `character_homebind`;
/*!40101 SET @saved_cs_client     = @@character_set_client */;
/*!40101 SET character_set_client = utf8 */;
CREATE TABLE `character_homebind` (
  `guid` int(10) unsigned NOT NULL DEFAULT '0' COMMENT 'Global Unique Identifier',
  `mapId` smallint(5) unsigned NOT NULL DEFAULT '0' COMMENT 'Map Identifier',
  `zoneId` smallint(5) unsigned NOT NULL DEFAULT '0' COMMENT 'Zone Identifier',
  `posX` float NOT NULL DEFAULT '0',
  `posY` float NOT NULL DEFAULT '0',
  `posZ` float NOT NULL DEFAULT '0',
  PRIMARY KEY (`guid`)
) ENGINE=InnoDB DEFAULT CHARSET=utf8 COMMENT='Player System';
/*!40101 SET character_set_client = @saved_cs_client */;

--
-- Dumping data for table `character_homebind`
--

LOCK TABLES `character_homebind` WRITE;
/*!40000 ALTER TABLE `character_homebind` DISABLE KEYS */;
/*!40000 ALTER TABLE `character_homebind` ENABLE KEYS */;
UNLOCK TABLES;

--
-- Table structure for table `character_instance`
--

DROP TABLE IF EXISTS `character_instance`;
/*!40101 SET @saved_cs_client     = @@character_set_client */;
/*!40101 SET character_set_client = utf8 */;
CREATE TABLE `character_instance` (
  `guid` int(10) unsigned NOT NULL DEFAULT '0',
  `instance` int(10) unsigned NOT NULL DEFAULT '0',
  `permanent` tinyint(3) unsigned NOT NULL DEFAULT '0',
  `extendState` tinyint(2) unsigned NOT NULL DEFAULT '1',
  PRIMARY KEY (`guid`,`instance`),
  KEY `instance` (`instance`)
) ENGINE=InnoDB DEFAULT CHARSET=utf8;
/*!40101 SET character_set_client = @saved_cs_client */;

--
-- Dumping data for table `character_instance`
--

LOCK TABLES `character_instance` WRITE;
/*!40000 ALTER TABLE `character_instance` DISABLE KEYS */;
/*!40000 ALTER TABLE `character_instance` ENABLE KEYS */;
UNLOCK TABLES;

--
-- Table structure for table `character_inventory`
--

DROP TABLE IF EXISTS `character_inventory`;
/*!40101 SET @saved_cs_client     = @@character_set_client */;
/*!40101 SET character_set_client = utf8 */;
CREATE TABLE `character_inventory` (
  `guid` int(10) unsigned NOT NULL DEFAULT '0' COMMENT 'Global Unique Identifier',
  `bag` int(10) unsigned NOT NULL DEFAULT '0',
  `slot` tinyint(3) unsigned NOT NULL DEFAULT '0',
  `item` int(10) unsigned NOT NULL DEFAULT '0' COMMENT 'Item Global Unique Identifier',
  PRIMARY KEY (`item`),
  UNIQUE KEY `guid` (`guid`,`bag`,`slot`),
  KEY `idx_guid` (`guid`)
) ENGINE=InnoDB DEFAULT CHARSET=utf8 COMMENT='Player System';
/*!40101 SET character_set_client = @saved_cs_client */;

--
-- Dumping data for table `character_inventory`
--

LOCK TABLES `character_inventory` WRITE;
/*!40000 ALTER TABLE `character_inventory` DISABLE KEYS */;
INSERT INTO `character_inventory` VALUES (2,0,3,12),(2,0,6,14),(2,0,7,16),(2,0,15,18),(2,0,23,20),(3,0,4,22),(3,0,6,24),(3,0,7,26),(3,0,15,28),(3,0,23,30),(4,0,4,34),(4,0,6,36),(4,0,15,32),(4,0,23,38),(5,0,3,40),(5,0,6,42),(5,0,7,44),(5,0,15,48),(5,0,16,50),(5,0,23,46),(6,0,3,60),(6,0,4,52),(6,0,6,54),(6,0,7,56),(6,0,15,58),(6,0,23,62),(7,0,3,64),(7,0,6,66),(7,0,7,68),(7,0,15,72),(7,0,23,70),(8,0,3,74),(8,0,6,76),(8,0,15,80),(8,0,17,82),(8,0,19,84),(8,0,23,78),(8,84,0,86),(9,0,3,88),(9,0,6,90),(9,0,7,92),(9,0,15,94),(9,0,16,96),(9,0,17,98),(9,0,23,100),(10,0,3,104),(10,0,4,102),(10,0,6,106),(10,0,7,108),(10,0,15,110),(10,0,23,112),(11,0,0,114),(11,0,1,132),(11,0,2,116),(11,0,4,120),(11,0,5,126),(11,0,6,128),(11,0,7,130),(11,0,8,122),(11,0,9,124),(11,0,10,134),(11,0,11,144),(11,0,14,118),(11,0,19,136),(11,0,20,138),(11,0,21,140),(11,0,22,142),(11,0,23,146);
/*!40000 ALTER TABLE `character_inventory` ENABLE KEYS */;
UNLOCK TABLES;

--
-- Table structure for table `character_pet`
--

DROP TABLE IF EXISTS `character_pet`;
/*!40101 SET @saved_cs_client     = @@character_set_client */;
/*!40101 SET character_set_client = utf8 */;
CREATE TABLE `character_pet` (
  `id` int(10) unsigned NOT NULL DEFAULT '0',
  `entry` int(10) unsigned NOT NULL DEFAULT '0',
  `owner` int(10) unsigned NOT NULL DEFAULT '0',
  `modelid` int(10) unsigned DEFAULT '0',
  `CreatedBySpell` mediumint(8) unsigned NOT NULL DEFAULT '0',
  `PetType` tinyint(3) unsigned NOT NULL DEFAULT '0',
  `level` smallint(5) unsigned NOT NULL DEFAULT '1',
  `exp` int(10) unsigned NOT NULL DEFAULT '0',
  `Reactstate` tinyint(3) unsigned NOT NULL DEFAULT '0',
  `name` varchar(21) NOT NULL DEFAULT 'Pet',
  `renamed` tinyint(3) unsigned NOT NULL DEFAULT '0',
  `slot` tinyint(3) unsigned NOT NULL DEFAULT '0',
  `curhealth` int(10) unsigned NOT NULL DEFAULT '1',
  `curmana` int(10) unsigned NOT NULL DEFAULT '0',
  `curhappiness` int(10) unsigned NOT NULL DEFAULT '0',
  `savetime` int(10) unsigned NOT NULL DEFAULT '0',
  `abdata` text,
  PRIMARY KEY (`id`),
  KEY `owner` (`owner`),
  KEY `idx_slot` (`slot`)
) ENGINE=InnoDB DEFAULT CHARSET=utf8 COMMENT='Pet System';
/*!40101 SET character_set_client = @saved_cs_client */;

--
-- Dumping data for table `character_pet`
--

LOCK TABLES `character_pet` WRITE;
/*!40000 ALTER TABLE `character_pet` DISABLE KEYS */;
/*!40000 ALTER TABLE `character_pet` ENABLE KEYS */;
UNLOCK TABLES;

--
-- Table structure for table `character_pet_declinedname`
--

DROP TABLE IF EXISTS `character_pet_declinedname`;
/*!40101 SET @saved_cs_client     = @@character_set_client */;
/*!40101 SET character_set_client = utf8 */;
CREATE TABLE `character_pet_declinedname` (
  `id` int(10) unsigned NOT NULL DEFAULT '0',
  `owner` int(10) unsigned NOT NULL DEFAULT '0',
  `genitive` varchar(12) NOT NULL DEFAULT '',
  `dative` varchar(12) NOT NULL DEFAULT '',
  `accusative` varchar(12) NOT NULL DEFAULT '',
  `instrumental` varchar(12) NOT NULL DEFAULT '',
  `prepositional` varchar(12) NOT NULL DEFAULT '',
  PRIMARY KEY (`id`),
  KEY `owner_key` (`owner`)
) ENGINE=InnoDB DEFAULT CHARSET=utf8;
/*!40101 SET character_set_client = @saved_cs_client */;

--
-- Dumping data for table `character_pet_declinedname`
--

LOCK TABLES `character_pet_declinedname` WRITE;
/*!40000 ALTER TABLE `character_pet_declinedname` DISABLE KEYS */;
/*!40000 ALTER TABLE `character_pet_declinedname` ENABLE KEYS */;
UNLOCK TABLES;

--
-- Table structure for table `character_queststatus`
--

DROP TABLE IF EXISTS `character_queststatus`;
/*!40101 SET @saved_cs_client     = @@character_set_client */;
/*!40101 SET character_set_client = utf8 */;
CREATE TABLE `character_queststatus` (
  `guid` int(10) unsigned NOT NULL DEFAULT '0' COMMENT 'Global Unique Identifier',
  `quest` int(10) unsigned NOT NULL DEFAULT '0' COMMENT 'Quest Identifier',
  `status` tinyint(3) unsigned NOT NULL DEFAULT '0',
  `explored` tinyint(3) unsigned NOT NULL DEFAULT '0',
  `timer` int(10) unsigned NOT NULL DEFAULT '0',
  `mobcount1` smallint(5) unsigned NOT NULL DEFAULT '0',
  `mobcount2` smallint(5) unsigned NOT NULL DEFAULT '0',
  `mobcount3` smallint(5) unsigned NOT NULL DEFAULT '0',
  `mobcount4` smallint(5) unsigned NOT NULL DEFAULT '0',
  `itemcount1` smallint(5) unsigned NOT NULL DEFAULT '0',
  `itemcount2` smallint(5) unsigned NOT NULL DEFAULT '0',
  `itemcount3` smallint(5) unsigned NOT NULL DEFAULT '0',
  `itemcount4` smallint(5) unsigned NOT NULL DEFAULT '0',
  `itemcount5` smallint(5) unsigned NOT NULL DEFAULT '0',
  `itemcount6` smallint(5) unsigned NOT NULL DEFAULT '0',
  `playercount` smallint(5) unsigned NOT NULL DEFAULT '0',
  PRIMARY KEY (`guid`,`quest`)
) ENGINE=InnoDB DEFAULT CHARSET=utf8 COMMENT='Player System';
/*!40101 SET character_set_client = @saved_cs_client */;

--
-- Dumping data for table `character_queststatus`
--

LOCK TABLES `character_queststatus` WRITE;
/*!40000 ALTER TABLE `character_queststatus` DISABLE KEYS */;
/*!40000 ALTER TABLE `character_queststatus` ENABLE KEYS */;
UNLOCK TABLES;

--
-- Table structure for table `character_queststatus_daily`
--

DROP TABLE IF EXISTS `character_queststatus_daily`;
/*!40101 SET @saved_cs_client     = @@character_set_client */;
/*!40101 SET character_set_client = utf8 */;
CREATE TABLE `character_queststatus_daily` (
  `guid` int(10) unsigned NOT NULL DEFAULT '0' COMMENT 'Global Unique Identifier',
  `quest` int(10) unsigned NOT NULL DEFAULT '0' COMMENT 'Quest Identifier',
  `time` int(10) unsigned NOT NULL DEFAULT '0',
  PRIMARY KEY (`guid`,`quest`),
  KEY `idx_guid` (`guid`)
) ENGINE=InnoDB DEFAULT CHARSET=utf8 COMMENT='Player System';
/*!40101 SET character_set_client = @saved_cs_client */;

--
-- Dumping data for table `character_queststatus_daily`
--

LOCK TABLES `character_queststatus_daily` WRITE;
/*!40000 ALTER TABLE `character_queststatus_daily` DISABLE KEYS */;
/*!40000 ALTER TABLE `character_queststatus_daily` ENABLE KEYS */;
UNLOCK TABLES;

--
-- Table structure for table `character_queststatus_monthly`
--

DROP TABLE IF EXISTS `character_queststatus_monthly`;
/*!40101 SET @saved_cs_client     = @@character_set_client */;
/*!40101 SET character_set_client = utf8 */;
CREATE TABLE `character_queststatus_monthly` (
  `guid` int(10) unsigned NOT NULL DEFAULT '0' COMMENT 'Global Unique Identifier',
  `quest` int(10) unsigned NOT NULL DEFAULT '0' COMMENT 'Quest Identifier',
  PRIMARY KEY (`guid`,`quest`),
  KEY `idx_guid` (`guid`)
) ENGINE=InnoDB DEFAULT CHARSET=utf8 COMMENT='Player System';
/*!40101 SET character_set_client = @saved_cs_client */;

--
-- Dumping data for table `character_queststatus_monthly`
--

LOCK TABLES `character_queststatus_monthly` WRITE;
/*!40000 ALTER TABLE `character_queststatus_monthly` DISABLE KEYS */;
/*!40000 ALTER TABLE `character_queststatus_monthly` ENABLE KEYS */;
UNLOCK TABLES;

--
-- Table structure for table `character_queststatus_rewarded`
--

DROP TABLE IF EXISTS `character_queststatus_rewarded`;
/*!40101 SET @saved_cs_client     = @@character_set_client */;
/*!40101 SET character_set_client = utf8 */;
CREATE TABLE `character_queststatus_rewarded` (
  `guid` int(10) unsigned NOT NULL DEFAULT '0' COMMENT 'Global Unique Identifier',
  `quest` int(10) unsigned NOT NULL DEFAULT '0' COMMENT 'Quest Identifier',
  `active` tinyint(10) unsigned NOT NULL DEFAULT '1',
  PRIMARY KEY (`guid`,`quest`)
) ENGINE=InnoDB DEFAULT CHARSET=utf8 COMMENT='Player System';
/*!40101 SET character_set_client = @saved_cs_client */;

--
-- Dumping data for table `character_queststatus_rewarded`
--

LOCK TABLES `character_queststatus_rewarded` WRITE;
/*!40000 ALTER TABLE `character_queststatus_rewarded` DISABLE KEYS */;
/*!40000 ALTER TABLE `character_queststatus_rewarded` ENABLE KEYS */;
UNLOCK TABLES;

--
-- Table structure for table `character_queststatus_seasonal`
--

DROP TABLE IF EXISTS `character_queststatus_seasonal`;
/*!40101 SET @saved_cs_client     = @@character_set_client */;
/*!40101 SET character_set_client = utf8 */;
CREATE TABLE `character_queststatus_seasonal` (
  `guid` int(10) unsigned NOT NULL DEFAULT '0' COMMENT 'Global Unique Identifier',
  `quest` int(10) unsigned NOT NULL DEFAULT '0' COMMENT 'Quest Identifier',
  `event` int(10) unsigned NOT NULL DEFAULT '0' COMMENT 'Event Identifier',
  PRIMARY KEY (`guid`,`quest`),
  KEY `idx_guid` (`guid`)
) ENGINE=InnoDB DEFAULT CHARSET=utf8 COMMENT='Player System';
/*!40101 SET character_set_client = @saved_cs_client */;

--
-- Dumping data for table `character_queststatus_seasonal`
--

LOCK TABLES `character_queststatus_seasonal` WRITE;
/*!40000 ALTER TABLE `character_queststatus_seasonal` DISABLE KEYS */;
/*!40000 ALTER TABLE `character_queststatus_seasonal` ENABLE KEYS */;
UNLOCK TABLES;

--
-- Table structure for table `character_queststatus_weekly`
--

DROP TABLE IF EXISTS `character_queststatus_weekly`;
/*!40101 SET @saved_cs_client     = @@character_set_client */;
/*!40101 SET character_set_client = utf8 */;
CREATE TABLE `character_queststatus_weekly` (
  `guid` int(10) unsigned NOT NULL DEFAULT '0' COMMENT 'Global Unique Identifier',
  `quest` int(10) unsigned NOT NULL DEFAULT '0' COMMENT 'Quest Identifier',
  PRIMARY KEY (`guid`,`quest`),
  KEY `idx_guid` (`guid`)
) ENGINE=InnoDB DEFAULT CHARSET=utf8 COMMENT='Player System';
/*!40101 SET character_set_client = @saved_cs_client */;

--
-- Dumping data for table `character_queststatus_weekly`
--

LOCK TABLES `character_queststatus_weekly` WRITE;
/*!40000 ALTER TABLE `character_queststatus_weekly` DISABLE KEYS */;
/*!40000 ALTER TABLE `character_queststatus_weekly` ENABLE KEYS */;
UNLOCK TABLES;

--
-- Table structure for table `character_reputation`
--

DROP TABLE IF EXISTS `character_reputation`;
/*!40101 SET @saved_cs_client     = @@character_set_client */;
/*!40101 SET character_set_client = utf8 */;
CREATE TABLE `character_reputation` (
  `guid` int(10) unsigned NOT NULL DEFAULT '0' COMMENT 'Global Unique Identifier',
  `faction` smallint(5) unsigned NOT NULL DEFAULT '0',
  `standing` int(11) NOT NULL DEFAULT '0',
  `flags` smallint(5) unsigned NOT NULL DEFAULT '0',
  PRIMARY KEY (`guid`,`faction`)
) ENGINE=InnoDB DEFAULT CHARSET=utf8 COMMENT='Player System';
/*!40101 SET character_set_client = @saved_cs_client */;

--
-- Dumping data for table `character_reputation`
--

LOCK TABLES `character_reputation` WRITE;
/*!40000 ALTER TABLE `character_reputation` DISABLE KEYS */;
/*!40000 ALTER TABLE `character_reputation` ENABLE KEYS */;
UNLOCK TABLES;

--
-- Table structure for table `character_skills`
--

DROP TABLE IF EXISTS `character_skills`;
/*!40101 SET @saved_cs_client     = @@character_set_client */;
/*!40101 SET character_set_client = utf8 */;
CREATE TABLE `character_skills` (
  `guid` int(10) unsigned NOT NULL COMMENT 'Global Unique Identifier',
  `skill` smallint(5) unsigned NOT NULL,
  `value` smallint(5) unsigned NOT NULL,
  `max` smallint(5) unsigned NOT NULL,
  PRIMARY KEY (`guid`,`skill`)
) ENGINE=InnoDB DEFAULT CHARSET=utf8 COMMENT='Player System';
/*!40101 SET character_set_client = @saved_cs_client */;

--
-- Dumping data for table `character_skills`
--

LOCK TABLES `character_skills` WRITE;
/*!40000 ALTER TABLE `character_skills` DISABLE KEYS */;
INSERT INTO `character_skills` VALUES (2,43,1,5),(2,54,1,5),(2,55,1,5),(2,95,1,5),(2,109,300,300),(2,137,300,300),(2,162,1,5),(2,183,5,5),(2,184,5,5),(2,267,5,5),(2,413,1,1),(2,414,1,1),(2,415,1,1),(2,433,1,1),(2,594,5,5),(2,756,5,5),(2,777,1,5),(2,778,1,5),(3,95,1,5),(3,109,300,300),(3,136,1,5),(3,162,1,5),(3,173,1,5),(3,183,5,5),(3,220,5,5),(3,228,1,5),(3,354,5,5),(3,355,5,5),(3,415,1,1),(3,593,5,5),(3,673,300,300),(3,777,1,5),(3,778,1,5),(4,54,1,5),(4,95,1,5),(4,98,300,300),(4,113,300,300),(4,126,5,5),(4,134,5,5),(4,136,1,5),(4,162,1,5),(4,173,1,5),(4,183,5,5),(4,414,1,1),(4,415,1,1),(4,573,5,5),(4,574,5,5),(4,777,1,5),(4,778,1,5),(5,54,1,5),(5,95,1,5),(5,98,300,300),(5,136,1,5),(5,162,1,5),(5,183,5,5),(5,373,5,5),(5,374,5,5),(5,375,5,5),(5,414,1,1),(5,415,1,1),(5,433,1,1),(5,759,300,300),(5,760,5,5),(5,777,1,5),(5,778,1,5),(6,6,5,5),(6,8,5,5),(6,95,1,5),(6,98,300,300),(6,136,1,5),(6,162,1,5),(6,183,5,5),(6,228,1,5),(6,237,5,5),(6,415,1,1),(6,754,5,5),(6,777,1,5),(6,778,1,5),(7,26,5,5),(7,43,1,5),(7,44,1,5),(7,54,1,5),(7,55,1,5),(7,95,1,5),(7,109,300,300),(7,125,5,5),(7,162,1,5),(7,172,1,5),(7,173,1,5),(7,183,5,5),(7,256,5,5),(7,257,5,5),(7,413,1,1),(7,414,1,1),(7,415,1,1),(7,433,1,1),(7,777,1,5),(7,778,1,5),(8,43,1,5),(8,44,1,5),(8,46,1,5),(8,50,5,5),(8,51,5,5),(8,95,1,5),(8,109,300,300),(8,115,300,300),(8,124,5,5),(8,162,1,5),(8,163,5,5),(8,172,1,5),(8,183,5,5),(8,414,1,1),(8,415,1,1),(8,777,1,5),(8,778,1,5),(9,38,5,5),(9,39,5,5),(9,95,1,5),(9,98,300,300),(9,118,5,5),(9,162,1,5),(9,173,1,5),(9,176,1,5),(9,183,5,5),(9,253,5,5),(9,313,300,300),(9,414,1,1),(9,415,1,1),(9,753,5,5),(9,777,1,5),(9,778,1,5),(10,54,1,5),(10,56,5,5),(10,78,5,5),(10,95,1,5),(10,98,300,300),(10,101,5,5),(10,111,300,300),(10,136,1,5),(10,162,1,5),(10,183,5,5),(10,228,1,5),(10,415,1,1),(10,613,5,5),(10,777,1,5),(10,778,1,5),(11,43,270,275),(11,44,270,275),(11,55,270,275),(11,95,270,275),(11,109,300,300),(11,118,275,275),(11,129,270,300),(11,162,270,275),(11,172,270,275),(11,183,275,275),(11,229,270,275),(11,293,1,1),(11,315,300,300),(11,413,1,1),(11,414,1,1),(11,415,1,1),(11,733,275,275),(11,770,275,275),(11,771,270,275),(11,772,275,275),(11,777,270,275),(11,778,270,275);
/*!40000 ALTER TABLE `character_skills` ENABLE KEYS */;
UNLOCK TABLES;

--
-- Table structure for table `character_social`
--

DROP TABLE IF EXISTS `character_social`;
/*!40101 SET @saved_cs_client     = @@character_set_client */;
/*!40101 SET character_set_client = utf8 */;
CREATE TABLE `character_social` (
  `guid` int(10) unsigned NOT NULL DEFAULT '0' COMMENT 'Character Global Unique Identifier',
  `friend` int(10) unsigned NOT NULL DEFAULT '0' COMMENT 'Friend Global Unique Identifier',
  `flags` tinyint(3) unsigned NOT NULL DEFAULT '0' COMMENT 'Friend Flags',
  `note` varchar(48) NOT NULL DEFAULT '' COMMENT 'Friend Note',
  PRIMARY KEY (`guid`,`friend`,`flags`),
  KEY `friend` (`friend`)
) ENGINE=InnoDB DEFAULT CHARSET=utf8 COMMENT='Player System';
/*!40101 SET character_set_client = @saved_cs_client */;

--
-- Dumping data for table `character_social`
--

LOCK TABLES `character_social` WRITE;
/*!40000 ALTER TABLE `character_social` DISABLE KEYS */;
/*!40000 ALTER TABLE `character_social` ENABLE KEYS */;
UNLOCK TABLES;

--
-- Table structure for table `character_spell`
--

DROP TABLE IF EXISTS `character_spell`;
/*!40101 SET @saved_cs_client     = @@character_set_client */;
/*!40101 SET character_set_client = utf8 */;
CREATE TABLE `character_spell` (
  `guid` int(10) unsigned NOT NULL DEFAULT '0' COMMENT 'Global Unique Identifier',
  `spell` mediumint(8) unsigned NOT NULL DEFAULT '0' COMMENT 'Spell Identifier',
  `active` tinyint(3) unsigned NOT NULL DEFAULT '1',
  `disabled` tinyint(3) unsigned NOT NULL DEFAULT '0',
  PRIMARY KEY (`guid`,`spell`)
) ENGINE=InnoDB DEFAULT CHARSET=utf8 COMMENT='Player System';
/*!40101 SET character_set_client = @saved_cs_client */;

--
-- Dumping data for table `character_spell`
--

LOCK TABLES `character_spell` WRITE;
/*!40000 ALTER TABLE `character_spell` DISABLE KEYS */;
/*!40000 ALTER TABLE `character_spell` ENABLE KEYS */;
UNLOCK TABLES;

--
-- Table structure for table `character_spell_cooldown`
--

DROP TABLE IF EXISTS `character_spell_cooldown`;
/*!40101 SET @saved_cs_client     = @@character_set_client */;
/*!40101 SET character_set_client = utf8 */;
CREATE TABLE `character_spell_cooldown` (
  `guid` int(10) unsigned NOT NULL DEFAULT '0' COMMENT 'Global Unique Identifier, Low part',
  `spell` mediumint(8) unsigned NOT NULL DEFAULT '0' COMMENT 'Spell Identifier',
  `item` int(10) unsigned NOT NULL DEFAULT '0' COMMENT 'Item Identifier',
  `time` int(10) unsigned NOT NULL DEFAULT '0',
  `categoryId` int(10) unsigned NOT NULL DEFAULT '0' COMMENT 'Spell category Id',
  `categoryEnd` int(10) unsigned NOT NULL DEFAULT '0',
  PRIMARY KEY (`guid`,`spell`)
) ENGINE=InnoDB DEFAULT CHARSET=utf8;
/*!40101 SET character_set_client = @saved_cs_client */;

--
-- Dumping data for table `character_spell_cooldown`
--

LOCK TABLES `character_spell_cooldown` WRITE;
/*!40000 ALTER TABLE `character_spell_cooldown` DISABLE KEYS */;
/*!40000 ALTER TABLE `character_spell_cooldown` ENABLE KEYS */;
UNLOCK TABLES;

--
-- Table structure for table `character_stats`
--

DROP TABLE IF EXISTS `character_stats`;
/*!40101 SET @saved_cs_client     = @@character_set_client */;
/*!40101 SET character_set_client = utf8 */;
CREATE TABLE `character_stats` (
  `guid` int(10) unsigned NOT NULL DEFAULT '0' COMMENT 'Global Unique Identifier, Low part',
  `maxhealth` int(10) unsigned NOT NULL DEFAULT '0',
  `maxpower1` int(10) unsigned NOT NULL DEFAULT '0',
  `maxpower2` int(10) unsigned NOT NULL DEFAULT '0',
  `maxpower3` int(10) unsigned NOT NULL DEFAULT '0',
  `maxpower4` int(10) unsigned NOT NULL DEFAULT '0',
  `maxpower5` int(10) unsigned NOT NULL DEFAULT '0',
  `maxpower6` int(10) unsigned NOT NULL DEFAULT '0',
  `maxpower7` int(10) unsigned NOT NULL DEFAULT '0',
  `strength` int(10) unsigned NOT NULL DEFAULT '0',
  `agility` int(10) unsigned NOT NULL DEFAULT '0',
  `stamina` int(10) unsigned NOT NULL DEFAULT '0',
  `intellect` int(10) unsigned NOT NULL DEFAULT '0',
  `spirit` int(10) unsigned NOT NULL DEFAULT '0',
  `armor` int(10) unsigned NOT NULL DEFAULT '0',
  `resHoly` int(10) unsigned NOT NULL DEFAULT '0',
  `resFire` int(10) unsigned NOT NULL DEFAULT '0',
  `resNature` int(10) unsigned NOT NULL DEFAULT '0',
  `resFrost` int(10) unsigned NOT NULL DEFAULT '0',
  `resShadow` int(10) unsigned NOT NULL DEFAULT '0',
  `resArcane` int(10) unsigned NOT NULL DEFAULT '0',
  `blockPct` float unsigned NOT NULL DEFAULT '0',
  `dodgePct` float unsigned NOT NULL DEFAULT '0',
  `parryPct` float unsigned NOT NULL DEFAULT '0',
  `critPct` float unsigned NOT NULL DEFAULT '0',
  `rangedCritPct` float unsigned NOT NULL DEFAULT '0',
  `spellCritPct` float unsigned NOT NULL DEFAULT '0',
  `attackPower` int(10) unsigned NOT NULL DEFAULT '0',
  `rangedAttackPower` int(10) unsigned NOT NULL DEFAULT '0',
  `spellPower` int(10) unsigned NOT NULL DEFAULT '0',
  `resilience` int(10) unsigned NOT NULL DEFAULT '0',
  PRIMARY KEY (`guid`)
) ENGINE=InnoDB DEFAULT CHARSET=utf8;
/*!40101 SET character_set_client = @saved_cs_client */;

--
-- Dumping data for table `character_stats`
--

LOCK TABLES `character_stats` WRITE;
/*!40000 ALTER TABLE `character_stats` DISABLE KEYS */;
/*!40000 ALTER TABLE `character_stats` ENABLE KEYS */;
UNLOCK TABLES;

--
-- Table structure for table `character_talent`
--

DROP TABLE IF EXISTS `character_talent`;
/*!40101 SET @saved_cs_client     = @@character_set_client */;
/*!40101 SET character_set_client = utf8 */;
CREATE TABLE `character_talent` (
  `guid` int(10) unsigned NOT NULL,
  `spell` mediumint(8) unsigned NOT NULL,
  `talentGroup` tinyint(3) unsigned NOT NULL DEFAULT '0',
  PRIMARY KEY (`guid`,`spell`,`talentGroup`)
) ENGINE=InnoDB DEFAULT CHARSET=utf8;
/*!40101 SET character_set_client = @saved_cs_client */;

--
-- Dumping data for table `character_talent`
--

LOCK TABLES `character_talent` WRITE;
/*!40000 ALTER TABLE `character_talent` DISABLE KEYS */;
/*!40000 ALTER TABLE `character_talent` ENABLE KEYS */;
UNLOCK TABLES;

--
-- Table structure for table `characters`
--

DROP TABLE IF EXISTS `characters`;
/*!40101 SET @saved_cs_client     = @@character_set_client */;
/*!40101 SET character_set_client = utf8 */;
CREATE TABLE `characters` (
  `guid` int(10) unsigned NOT NULL DEFAULT '0' COMMENT 'Global Unique Identifier',
  `account` int(10) unsigned NOT NULL DEFAULT '0' COMMENT 'Account Identifier',
  `name` varchar(12) CHARACTER SET utf8 COLLATE utf8_bin NOT NULL,
  `race` tinyint(3) unsigned NOT NULL DEFAULT '0',
  `class` tinyint(3) unsigned NOT NULL DEFAULT '0',
  `gender` tinyint(3) unsigned NOT NULL DEFAULT '0',
  `level` tinyint(3) unsigned NOT NULL DEFAULT '0',
  `xp` int(10) unsigned NOT NULL DEFAULT '0',
  `money` int(10) unsigned NOT NULL DEFAULT '0',
  `skin` tinyint(3) unsigned NOT NULL DEFAULT '0',
  `face` tinyint(3) unsigned NOT NULL DEFAULT '0',
  `hairStyle` tinyint(3) unsigned NOT NULL DEFAULT '0',
  `hairColor` tinyint(3) unsigned NOT NULL DEFAULT '0',
  `facialStyle` tinyint(3) unsigned NOT NULL DEFAULT '0',
  `bankSlots` tinyint(3) unsigned NOT NULL DEFAULT '0',
  `restState` tinyint(3) unsigned NOT NULL DEFAULT '0',
  `playerFlags` int(10) unsigned NOT NULL DEFAULT '0',
  `position_x` float NOT NULL DEFAULT '0',
  `position_y` float NOT NULL DEFAULT '0',
  `position_z` float NOT NULL DEFAULT '0',
  `map` smallint(5) unsigned NOT NULL DEFAULT '0' COMMENT 'Map Identifier',
  `instance_id` int(10) unsigned NOT NULL DEFAULT '0',
  `instance_mode_mask` tinyint(3) unsigned NOT NULL DEFAULT '0',
  `orientation` float NOT NULL DEFAULT '0',
  `taximask` text NOT NULL,
  `online` tinyint(3) unsigned NOT NULL DEFAULT '0',
  `cinematic` tinyint(3) unsigned NOT NULL DEFAULT '0',
  `totaltime` int(10) unsigned NOT NULL DEFAULT '0',
  `leveltime` int(10) unsigned NOT NULL DEFAULT '0',
  `logout_time` int(10) unsigned NOT NULL DEFAULT '0',
  `is_logout_resting` tinyint(3) unsigned NOT NULL DEFAULT '0',
  `rest_bonus` float NOT NULL DEFAULT '0',
  `resettalents_cost` int(10) unsigned NOT NULL DEFAULT '0',
  `resettalents_time` int(10) unsigned NOT NULL DEFAULT '0',
  `trans_x` float NOT NULL DEFAULT '0',
  `trans_y` float NOT NULL DEFAULT '0',
  `trans_z` float NOT NULL DEFAULT '0',
  `trans_o` float NOT NULL DEFAULT '0',
  `transguid` mediumint(8) unsigned NOT NULL DEFAULT '0',
  `extra_flags` smallint(5) unsigned NOT NULL DEFAULT '0',
  `stable_slots` tinyint(3) unsigned NOT NULL DEFAULT '0',
  `at_login` smallint(5) unsigned NOT NULL DEFAULT '0',
  `zone` smallint(5) unsigned NOT NULL DEFAULT '0',
  `death_expire_time` int(10) unsigned NOT NULL DEFAULT '0',
  `taxi_path` text,
  `arenaPoints` int(10) unsigned NOT NULL DEFAULT '0',
  `totalHonorPoints` int(10) unsigned NOT NULL DEFAULT '0',
  `todayHonorPoints` int(10) unsigned NOT NULL DEFAULT '0',
  `yesterdayHonorPoints` int(10) unsigned NOT NULL DEFAULT '0',
  `totalKills` int(10) unsigned NOT NULL DEFAULT '0',
  `todayKills` smallint(5) unsigned NOT NULL DEFAULT '0',
  `yesterdayKills` smallint(5) unsigned NOT NULL DEFAULT '0',
  `chosenTitle` int(10) unsigned NOT NULL DEFAULT '0',
  `knownCurrencies` bigint(20) unsigned NOT NULL DEFAULT '0',
  `watchedFaction` int(10) unsigned NOT NULL DEFAULT '0',
  `drunk` tinyint(3) unsigned NOT NULL DEFAULT '0',
  `health` int(10) unsigned NOT NULL DEFAULT '0',
  `power1` int(10) unsigned NOT NULL DEFAULT '0',
  `power2` int(10) unsigned NOT NULL DEFAULT '0',
  `power3` int(10) unsigned NOT NULL DEFAULT '0',
  `power4` int(10) unsigned NOT NULL DEFAULT '0',
  `power5` int(10) unsigned NOT NULL DEFAULT '0',
  `power6` int(10) unsigned NOT NULL DEFAULT '0',
  `power7` int(10) unsigned NOT NULL DEFAULT '0',
  `latency` mediumint(8) unsigned NOT NULL DEFAULT '0',
  `talentGroupsCount` tinyint(3) unsigned NOT NULL DEFAULT '1',
  `activeTalentGroup` tinyint(3) unsigned NOT NULL DEFAULT '0',
  `exploredZones` longtext,
  `equipmentCache` longtext,
  `ammoId` int(10) unsigned NOT NULL DEFAULT '0',
  `knownTitles` longtext,
  `actionBars` tinyint(3) unsigned NOT NULL DEFAULT '0',
  `grantableLevels` tinyint(3) unsigned NOT NULL DEFAULT '0',
  `deleteInfos_Account` int(10) unsigned DEFAULT NULL,
  `deleteInfos_Name` varchar(12) DEFAULT NULL,
  `deleteDate` int(10) unsigned DEFAULT NULL,
  PRIMARY KEY (`guid`),
  KEY `idx_account` (`account`),
  KEY `idx_online` (`online`),
  KEY `idx_name` (`name`)
) ENGINE=InnoDB DEFAULT CHARSET=utf8 COMMENT='Player System';
/*!40101 SET character_set_client = @saved_cs_client */;

--
-- Dumping data for table `characters`
--

LOCK TABLES `characters` WRITE;
/*!40000 ALTER TABLE `characters` DISABLE KEYS */;
INSERT INTO `characters` VALUES (2,1,'傲世圣战',10,2,1,1,0,0,1,6,0,2,2,0,2,0,10349.6,-6357.29,33.4026,530,0,0,5.31605,'0 0 131072 4 0 0 0 0 0 0 0 0 0 0 ',0,0,0,0,1575187229,0,0,0,0,0,0,0,0,0,0,0,32,3430,0,'',0,0,0,0,0,0,0,0,0,4294967295,0,58,60,0,0,100,0,0,0,168,1,0,'0 0 0 0 0 0 0 0 0 0 0 0 0 0 0 0 0 0 0 0 0 0 0 0 0 0 0 0 0 0 0 0 0 0 0 0 0 0 0 0 0 0 0 0 0 0 0 0 0 0 0 0 0 0 0 0 0 0 0 0 0 0 0 0 0 0 0 0 0 0 0 0 0 0 0 0 0 0 0 0 0 0 0 0 0 0 0 0 0 0 0 0 0 0 0 0 0 0 0 0 0 0 0 0 0 0 0 0 0 0 0 0 0 0 0 0 0 0 0 0 0 0 0 0 0 0 0 0 ','0 0 0 0 0 0 24143 0 0 0 0 0 24145 0 24146 0 0 0 0 0 0 0 0 0 0 0 0 0 0 0 23346 0 0 0 0 0 0 0 0 0 0 0 0 0 0 0 ',0,'0 0 0 0 0 0 ',0,0,NULL,NULL,NULL),(3,1,'傲世法神',5,9,0,1,0,0,3,1,1,7,0,0,2,0,1676.35,1677.45,121.67,0,0,0,2.70526,'1024 0 0 4 0 0 0 0 0 0 0 0 0 0 ',0,0,0,0,1575187505,0,0,0,0,0,0,0,0,0,0,0,32,85,0,'',0,0,0,0,0,0,0,0,0,4294967295,0,63,90,0,0,100,0,0,0,170,1,0,'0 0 0 0 0 0 0 0 0 0 0 0 0 0 0 0 0 0 0 0 0 0 0 0 0 0 0 0 0 0 0 0 0 0 0 0 0 0 0 0 0 0 0 0 0 0 0 0 0 0 0 0 0 0 0 0 0 0 0 0 0 0 0 0 0 0 0 0 0 0 0 0 0 0 0 0 0 0 0 0 0 0 0 0 0 0 0 0 0 0 0 0 0 0 0 0 0 0 0 0 0 0 0 0 0 0 0 0 0 0 0 0 0 0 0 0 0 0 0 0 0 0 0 0 0 0 0 0 ','0 0 0 0 0 0 0 0 6129 0 0 0 1396 0 59 0 0 0 0 0 0 0 0 0 0 0 0 0 0 0 35 0 0 0 0 0 0 0 0 0 0 0 0 0 0 0 ',0,'0 0 0 0 0 0 ',0,0,NULL,NULL,NULL),(4,1,'自然之力',4,11,1,1,0,0,2,7,3,4,9,0,2,0,10311.3,831.463,1326.41,1,0,0,5.48033,'100663296 0 0 8 0 0 0 0 0 0 0 0 0 0 ',0,0,0,0,1575187659,0,0,0,0,0,0,0,0,0,0,0,32,141,0,'',0,0,0,0,0,0,0,0,0,4294967295,0,63,60,0,0,100,0,0,0,154,1,0,'0 0 0 0 0 0 0 0 0 0 0 0 0 0 0 0 0 0 0 0 0 0 0 0 0 0 0 0 0 0 0 0 0 0 0 0 0 0 0 0 0 0 0 0 0 0 0 0 0 0 0 0 0 0 0 0 0 0 0 0 0 0 0 0 0 0 0 0 0 0 0 0 0 0 0 0 0 0 0 0 0 0 0 0 0 0 0 0 0 0 0 0 0 0 0 0 0 0 0 0 0 0 0 0 0 0 0 0 0 0 0 0 0 0 0 0 0 0 0 0 0 0 0 0 0 0 0 0 ','0 0 0 0 0 0 0 0 6123 0 0 0 6124 0 0 0 0 0 0 0 0 0 0 0 0 0 0 0 0 0 3661 0 0 0 0 0 0 0 0 0 0 0 0 0 0 0 ',0,'0 0 0 0 0 0 ',0,0,NULL,NULL,NULL),(5,1,'元素之灵',11,7,1,1,0,0,9,0,2,6,1,0,2,0,-3961.64,-13931.2,100.615,530,0,0,2.08364,'0 0 536870912 8 0 0 0 0 0 0 0 0 0 0 ',0,0,0,0,1575187940,0,0,0,0,0,0,0,0,0,0,0,32,3524,0,'',0,0,0,0,0,0,0,0,0,4294967295,0,60,85,0,0,100,0,0,0,156,1,0,'0 0 0 0 0 0 0 0 0 0 0 0 0 0 0 0 0 0 0 0 0 0 0 0 0 0 0 0 0 0 0 0 0 0 0 0 0 0 0 0 0 0 0 0 0 0 0 0 0 0 0 0 0 0 0 0 0 0 0 0 0 0 0 0 0 0 0 0 0 0 0 0 0 0 0 0 0 0 0 0 0 0 0 0 0 0 0 0 0 0 0 0 0 0 0 0 0 0 0 0 0 0 0 0 0 0 0 0 0 0 0 0 0 0 0 0 0 0 0 0 0 0 0 0 0 0 0 0 ','0 0 0 0 0 0 23345 0 0 0 0 0 23344 0 23348 0 0 0 0 0 0 0 0 0 0 0 0 0 0 0 36 0 2362 0 0 0 0 0 0 0 0 0 0 0 0 0 ',0,'0 0 0 0 0 0 ',0,0,NULL,NULL,NULL),(6,1,'奥法自然',1,8,1,1,0,0,2,0,8,0,1,0,2,0,-8949.95,-132.493,83.5312,0,0,0,0,'2 0 0 8 0 0 0 0 0 0 0 0 0 0 ',0,0,0,0,1575188077,0,0,0,0,0,0,0,0,0,0,0,32,12,0,'',0,0,0,0,0,0,0,0,0,4294967295,0,52,100,0,0,100,0,0,0,163,1,0,'0 0 0 0 0 0 0 0 0 0 0 0 0 0 0 0 0 0 0 0 0 0 0 0 0 0 0 0 0 0 0 0 0 0 0 0 0 0 0 0 0 0 0 0 0 0 0 0 0 0 0 0 0 0 0 0 0 0 0 0 0 0 0 0 0 0 0 0 0 0 0 0 0 0 0 0 0 0 0 0 0 0 0 0 0 0 0 0 0 0 0 0 0 0 0 0 0 0 0 0 0 0 0 0 0 0 0 0 0 0 0 0 0 0 0 0 0 0 0 0 0 0 0 0 0 0 0 0 ','0 0 0 0 0 0 6096 0 56 0 0 0 1395 0 55 0 0 0 0 0 0 0 0 0 0 0 0 0 0 0 35 0 0 0 0 0 0 0 0 0 0 0 0 0 0 0 ',0,'0 0 0 0 0 0 ',0,0,NULL,NULL,NULL),(7,1,'傲世战神',2,1,0,1,0,0,2,0,1,0,1,0,2,0,-618.518,-4251.67,38.718,1,0,0,0,'4194304 0 0 4 0 0 0 0 0 0 0 0 0 0 ',0,0,0,0,1575188244,0,0,0,0,0,0,0,0,0,0,0,32,14,0,'',0,0,0,0,0,0,0,0,0,4294967295,0,80,0,0,0,100,0,0,0,0,1,0,'0 0 0 0 0 0 0 0 0 0 0 0 0 0 0 0 0 0 0 0 0 0 0 0 0 0 0 0 0 0 0 0 0 0 0 0 0 0 0 0 0 0 0 0 0 0 0 0 0 0 0 0 0 0 0 0 0 0 0 0 0 0 0 0 0 0 0 0 0 0 0 0 0 0 0 0 0 0 0 0 0 0 0 0 0 0 0 0 0 0 0 0 0 0 0 0 0 0 0 0 0 0 0 0 0 0 0 0 0 0 0 0 0 0 0 0 0 0 0 0 0 0 0 0 0 0 0 0 ','0 0 0 0 0 0 6125 0 0 0 0 0 139 0 140 0 0 0 0 0 0 0 0 0 0 0 0 0 0 0 12282 0 0 0 0 0 0 0 0 0 0 0 0 0 0 0 ',0,'0 0 0 0 0 0 ',0,0,NULL,NULL,NULL),(8,1,'猎风',6,3,0,1,0,0,2,3,1,1,1,0,2,0,-2917.58,-257.98,52.9968,1,0,0,0,'2097152 0 0 4 0 0 0 0 0 0 0 0 0 0 ',0,0,0,0,1575188357,0,0,0,0,0,0,0,0,0,0,0,32,215,0,'',0,0,0,0,0,0,0,0,0,4294967295,0,96,65,0,0,100,0,0,0,169,1,0,'0 0 0 0 0 0 0 0 0 0 0 0 0 0 0 0 0 0 0 0 0 0 0 0 0 0 0 0 0 0 0 0 0 0 0 0 0 0 0 0 0 0 0 0 0 0 0 0 0 0 0 0 0 0 0 0 0 0 0 0 0 0 0 0 0 0 0 0 0 0 0 0 0 0 0 0 0 0 0 0 0 0 0 0 0 0 0 0 0 0 0 0 0 0 0 0 0 0 0 0 0 0 0 0 0 0 0 0 0 0 0 0 0 0 0 0 0 0 0 0 0 0 0 0 0 0 0 0 ','0 0 0 0 0 0 127 0 0 0 0 0 6126 0 0 0 0 0 0 0 0 0 0 0 0 0 0 0 0 0 12282 0 0 0 2508 0 0 0 2102 0 0 0 0 0 0 0 ',2516,'0 0 0 0 0 0 ',0,0,NULL,NULL,NULL),(9,1,'月影风刃',7,4,1,1,0,0,1,1,2,5,2,0,2,0,-6240,331,383,0,0,0,0,'32 0 0 8 0 0 0 0 0 0 0 0 0 0 ',0,0,0,0,1575188492,0,0,0,0,0,0,0,0,0,0,0,32,1,0,'',0,0,0,0,0,0,0,0,0,4294967295,0,45,0,0,0,100,0,0,0,155,1,0,'0 0 0 0 0 0 0 0 0 0 0 0 0 0 0 0 0 0 0 0 0 0 0 0 0 0 0 0 0 0 0 0 0 0 0 0 0 0 0 0 0 0 0 0 0 0 0 0 0 0 0 0 0 0 0 0 0 0 0 0 0 0 0 0 0 0 0 0 0 0 0 0 0 0 0 0 0 0 0 0 0 0 0 0 0 0 0 0 0 0 0 0 0 0 0 0 0 0 0 0 0 0 0 0 0 0 0 0 0 0 0 0 0 0 0 0 0 0 0 0 0 0 0 0 0 0 0 0 ','0 0 0 0 0 0 49 0 0 0 0 0 48 0 47 0 0 0 0 0 0 0 0 0 0 0 0 0 0 0 2092 0 50055 0 28979 0 0 0 0 0 0 0 0 0 0 0 ',0,'0 0 0 0 0 0 ',0,0,NULL,NULL,NULL),(10,1,'暗影圣光',3,5,1,1,0,0,1,1,2,7,5,0,2,0,-6240.32,331.033,382.758,0,0,0,6.17716,'32 0 0 8 0 0 0 0 0 0 0 0 0 0 ',0,0,0,0,1575188673,0,0,0,0,0,0,0,0,0,0,0,32,1,0,'',0,0,0,0,0,0,0,0,0,4294967295,0,102,73,0,0,100,0,0,0,168,1,0,'0 0 0 0 0 0 0 0 0 0 0 0 0 0 0 0 0 0 0 0 0 0 0 0 0 0 0 0 0 0 0 0 0 0 0 0 0 0 0 0 0 0 0 0 0 0 0 0 0 0 0 0 0 0 0 0 0 0 0 0 0 0 0 0 0 0 0 0 0 0 0 0 0 0 0 0 0 0 0 0 0 0 0 0 0 0 0 0 0 0 0 0 0 0 0 0 0 0 0 0 0 0 0 0 0 0 0 0 0 0 0 0 0 0 0 0 0 0 0 0 0 0 0 0 0 0 0 0 ','0 0 0 0 0 0 53 0 6098 0 0 0 52 0 51 0 0 0 0 0 0 0 0 0 0 0 0 0 0 0 35 0 0 0 0 0 0 0 0 0 0 0 0 0 0 0 ',0,'0 0 0 0 0 0 ',0,0,NULL,NULL,NULL),(11,1,'傲世亡骑',8,6,0,55,0,0,4,5,3,9,0,0,2,0,2355.05,-5661.7,426.026,609,0,0,3.65997,'4294967295 2483027967 829882367 4 16384 1310944 3250593812 73752 896 67111952 2281701376 4190109713 1049856 12582912 ',0,0,0,0,1575188983,0,0,0,0,0,0,0,0,0,0,0,32,4298,0,'',0,0,0,0,0,0,0,0,0,4294967295,0,2179,0,0,0,100,0,0,0,165,1,0,'0 0 0 0 0 0 0 0 0 0 0 0 0 0 0 0 0 0 0 0 0 0 0 0 0 0 0 0 0 0 0 0 0 0 0 0 0 0 0 0 0 0 0 0 0 0 0 0 0 0 0 0 0 0 0 0 0 0 0 0 0 0 0 0 0 0 0 0 0 0 0 0 0 0 0 0 0 0 0 0 0 0 0 0 0 0 0 0 0 0 0 0 0 0 0 0 0 0 0 0 0 0 0 0 0 0 0 0 0 0 0 0 0 0 0 0 0 0 0 0 0 0 0 0 0 0 0 0 ','34652 0 34657 0 34655 0 0 0 34650 0 34651 0 34656 0 34648 0 34653 0 34649 0 34658 0 38147 0 0 0 0 0 34659 0 0 0 0 0 0 0 0 0 38145 0 38145 0 38145 0 38145 0 ',0,'0 0 0 0 0 0 ',0,0,NULL,NULL,NULL);
/*!40000 ALTER TABLE `characters` ENABLE KEYS */;
UNLOCK TABLES;

--
-- Table structure for table `corpse`
--

DROP TABLE IF EXISTS `corpse`;
/*!40101 SET @saved_cs_client     = @@character_set_client */;
/*!40101 SET character_set_client = utf8 */;
CREATE TABLE `corpse` (
  `guid` int(10) unsigned NOT NULL DEFAULT '0' COMMENT 'Character Global Unique Identifier',
  `posX` float NOT NULL DEFAULT '0',
  `posY` float NOT NULL DEFAULT '0',
  `posZ` float NOT NULL DEFAULT '0',
  `orientation` float NOT NULL DEFAULT '0',
  `mapId` smallint(5) unsigned NOT NULL DEFAULT '0' COMMENT 'Map Identifier',
  `phaseMask` int(10) unsigned NOT NULL DEFAULT '1',
  `displayId` int(10) unsigned NOT NULL DEFAULT '0',
  `itemCache` text NOT NULL,
  `bytes1` int(10) unsigned NOT NULL DEFAULT '0',
  `bytes2` int(10) unsigned NOT NULL DEFAULT '0',
  `guildId` int(10) unsigned NOT NULL DEFAULT '0',
  `flags` tinyint(3) unsigned NOT NULL DEFAULT '0',
  `dynFlags` tinyint(3) unsigned NOT NULL DEFAULT '0',
  `time` int(10) unsigned NOT NULL DEFAULT '0',
  `corpseType` tinyint(3) unsigned NOT NULL DEFAULT '0',
  `instanceId` int(10) unsigned NOT NULL DEFAULT '0' COMMENT 'Instance Identifier',
  PRIMARY KEY (`guid`),
  KEY `idx_type` (`corpseType`),
  KEY `idx_instance` (`instanceId`),
  KEY `idx_time` (`time`)
) ENGINE=InnoDB DEFAULT CHARSET=utf8 COMMENT='Death System';
/*!40101 SET character_set_client = @saved_cs_client */;

--
-- Dumping data for table `corpse`
--

LOCK TABLES `corpse` WRITE;
/*!40000 ALTER TABLE `corpse` DISABLE KEYS */;
/*!40000 ALTER TABLE `corpse` ENABLE KEYS */;
UNLOCK TABLES;

--
-- Table structure for table `game_event_condition_save`
--

DROP TABLE IF EXISTS `game_event_condition_save`;
/*!40101 SET @saved_cs_client     = @@character_set_client */;
/*!40101 SET character_set_client = utf8 */;
CREATE TABLE `game_event_condition_save` (
  `eventEntry` tinyint(3) unsigned NOT NULL,
  `condition_id` int(10) unsigned NOT NULL DEFAULT '0',
  `done` float DEFAULT '0',
  PRIMARY KEY (`eventEntry`,`condition_id`)
) ENGINE=InnoDB DEFAULT CHARSET=utf8;
/*!40101 SET character_set_client = @saved_cs_client */;

--
-- Dumping data for table `game_event_condition_save`
--

LOCK TABLES `game_event_condition_save` WRITE;
/*!40000 ALTER TABLE `game_event_condition_save` DISABLE KEYS */;
/*!40000 ALTER TABLE `game_event_condition_save` ENABLE KEYS */;
UNLOCK TABLES;

--
-- Table structure for table `game_event_save`
--

DROP TABLE IF EXISTS `game_event_save`;
/*!40101 SET @saved_cs_client     = @@character_set_client */;
/*!40101 SET character_set_client = utf8 */;
CREATE TABLE `game_event_save` (
  `eventEntry` tinyint(3) unsigned NOT NULL,
  `state` tinyint(3) unsigned NOT NULL DEFAULT '1',
  `next_start` int(10) unsigned NOT NULL DEFAULT '0',
  PRIMARY KEY (`eventEntry`)
) ENGINE=InnoDB DEFAULT CHARSET=utf8;
/*!40101 SET character_set_client = @saved_cs_client */;

--
-- Dumping data for table `game_event_save`
--

LOCK TABLES `game_event_save` WRITE;
/*!40000 ALTER TABLE `game_event_save` DISABLE KEYS */;
/*!40000 ALTER TABLE `game_event_save` ENABLE KEYS */;
UNLOCK TABLES;

--
-- Table structure for table `gm_subsurvey`
--

DROP TABLE IF EXISTS `gm_subsurvey`;
/*!40101 SET @saved_cs_client     = @@character_set_client */;
/*!40101 SET character_set_client = utf8 */;
CREATE TABLE `gm_subsurvey` (
  `surveyId` int(10) unsigned NOT NULL AUTO_INCREMENT,
  `questionId` int(10) unsigned NOT NULL DEFAULT '0',
  `answer` int(10) unsigned NOT NULL DEFAULT '0',
  `answerComment` text NOT NULL,
  PRIMARY KEY (`surveyId`,`questionId`)
) ENGINE=InnoDB DEFAULT CHARSET=utf8 COMMENT='Player System';
/*!40101 SET character_set_client = @saved_cs_client */;

--
-- Dumping data for table `gm_subsurvey`
--

LOCK TABLES `gm_subsurvey` WRITE;
/*!40000 ALTER TABLE `gm_subsurvey` DISABLE KEYS */;
/*!40000 ALTER TABLE `gm_subsurvey` ENABLE KEYS */;
UNLOCK TABLES;

--
-- Table structure for table `gm_survey`
--

DROP TABLE IF EXISTS `gm_survey`;
/*!40101 SET @saved_cs_client     = @@character_set_client */;
/*!40101 SET character_set_client = utf8 */;
CREATE TABLE `gm_survey` (
  `surveyId` int(10) unsigned NOT NULL AUTO_INCREMENT,
  `guid` int(10) unsigned NOT NULL DEFAULT '0',
  `mainSurvey` int(10) unsigned NOT NULL DEFAULT '0',
  `comment` longtext NOT NULL,
  `createTime` int(10) unsigned NOT NULL DEFAULT '0',
  PRIMARY KEY (`surveyId`)
) ENGINE=InnoDB DEFAULT CHARSET=utf8 COMMENT='Player System';
/*!40101 SET character_set_client = @saved_cs_client */;

--
-- Dumping data for table `gm_survey`
--

LOCK TABLES `gm_survey` WRITE;
/*!40000 ALTER TABLE `gm_survey` DISABLE KEYS */;
/*!40000 ALTER TABLE `gm_survey` ENABLE KEYS */;
UNLOCK TABLES;

--
-- Table structure for table `gm_ticket`
--

DROP TABLE IF EXISTS `gm_ticket`;
/*!40101 SET @saved_cs_client     = @@character_set_client */;
/*!40101 SET character_set_client = utf8 */;
CREATE TABLE `gm_ticket` (
  `id` int(10) unsigned NOT NULL AUTO_INCREMENT,
  `type` tinyint(3) unsigned NOT NULL DEFAULT '0' COMMENT '0 open, 1 closed, 2 character deleted',
  `playerGuid` int(10) unsigned NOT NULL DEFAULT '0' COMMENT 'Global Unique Identifier of ticket creator',
  `name` varchar(12) NOT NULL COMMENT 'Name of ticket creator',
  `description` text NOT NULL,
  `createTime` int(10) unsigned NOT NULL DEFAULT '0',
  `mapId` smallint(5) unsigned NOT NULL DEFAULT '0',
  `posX` float NOT NULL DEFAULT '0',
  `posY` float NOT NULL DEFAULT '0',
  `posZ` float NOT NULL DEFAULT '0',
  `lastModifiedTime` int(10) unsigned NOT NULL DEFAULT '0',
  `closedBy` int(10) NOT NULL DEFAULT '0',
  `assignedTo` int(10) unsigned NOT NULL DEFAULT '0' COMMENT 'GUID of admin to whom ticket is assigned',
  `comment` text NOT NULL,
  `response` text NOT NULL,
  `completed` tinyint(3) unsigned NOT NULL DEFAULT '0',
  `escalated` tinyint(3) unsigned NOT NULL DEFAULT '0',
  `viewed` tinyint(3) unsigned NOT NULL DEFAULT '0',
  `needMoreHelp` tinyint(3) unsigned NOT NULL DEFAULT '0',
  `resolvedBy` int(10) NOT NULL DEFAULT '0' COMMENT 'GUID of GM who resolved the ticket',
  PRIMARY KEY (`id`)
) ENGINE=InnoDB DEFAULT CHARSET=utf8 COMMENT='Player System';
/*!40101 SET character_set_client = @saved_cs_client */;

--
-- Dumping data for table `gm_ticket`
--

LOCK TABLES `gm_ticket` WRITE;
/*!40000 ALTER TABLE `gm_ticket` DISABLE KEYS */;
/*!40000 ALTER TABLE `gm_ticket` ENABLE KEYS */;
UNLOCK TABLES;

--
-- Table structure for table `group_instance`
--

DROP TABLE IF EXISTS `group_instance`;
/*!40101 SET @saved_cs_client     = @@character_set_client */;
/*!40101 SET character_set_client = utf8 */;
CREATE TABLE `group_instance` (
  `guid` int(10) unsigned NOT NULL DEFAULT '0',
  `instance` int(10) unsigned NOT NULL DEFAULT '0',
  `permanent` tinyint(3) unsigned NOT NULL DEFAULT '0',
  PRIMARY KEY (`guid`,`instance`),
  KEY `instance` (`instance`)
) ENGINE=InnoDB DEFAULT CHARSET=utf8;
/*!40101 SET character_set_client = @saved_cs_client */;

--
-- Dumping data for table `group_instance`
--

LOCK TABLES `group_instance` WRITE;
/*!40000 ALTER TABLE `group_instance` DISABLE KEYS */;
/*!40000 ALTER TABLE `group_instance` ENABLE KEYS */;
UNLOCK TABLES;

--
-- Table structure for table `group_member`
--

DROP TABLE IF EXISTS `group_member`;
/*!40101 SET @saved_cs_client     = @@character_set_client */;
/*!40101 SET character_set_client = utf8 */;
CREATE TABLE `group_member` (
  `guid` int(10) unsigned NOT NULL,
  `memberGuid` int(10) unsigned NOT NULL,
  `memberFlags` tinyint(3) unsigned NOT NULL DEFAULT '0',
  `subgroup` tinyint(3) unsigned NOT NULL DEFAULT '0',
  `roles` tinyint(3) unsigned NOT NULL DEFAULT '0',
  PRIMARY KEY (`memberGuid`)
) ENGINE=InnoDB DEFAULT CHARSET=utf8 COMMENT='Groups';
/*!40101 SET character_set_client = @saved_cs_client */;

--
-- Dumping data for table `group_member`
--

LOCK TABLES `group_member` WRITE;
/*!40000 ALTER TABLE `group_member` DISABLE KEYS */;
/*!40000 ALTER TABLE `group_member` ENABLE KEYS */;
UNLOCK TABLES;

--
-- Table structure for table `groups`
--

DROP TABLE IF EXISTS `groups`;
/*!40101 SET @saved_cs_client     = @@character_set_client */;
/*!40101 SET character_set_client = utf8 */;
CREATE TABLE `groups` (
  `guid` int(10) unsigned NOT NULL,
  `leaderGuid` int(10) unsigned NOT NULL,
  `lootMethod` tinyint(3) unsigned NOT NULL,
  `looterGuid` int(10) unsigned NOT NULL,
  `lootThreshold` tinyint(3) unsigned NOT NULL,
  `icon1` bigint(20) unsigned NOT NULL,
  `icon2` bigint(20) unsigned NOT NULL,
  `icon3` bigint(20) unsigned NOT NULL,
  `icon4` bigint(20) unsigned NOT NULL,
  `icon5` bigint(20) unsigned NOT NULL,
  `icon6` bigint(20) unsigned NOT NULL,
  `icon7` bigint(20) unsigned NOT NULL,
  `icon8` bigint(20) unsigned NOT NULL,
  `groupType` tinyint(3) unsigned NOT NULL,
  `difficulty` tinyint(3) unsigned NOT NULL DEFAULT '0',
  `raidDifficulty` tinyint(3) unsigned NOT NULL DEFAULT '0',
  `masterLooterGuid` int(10) unsigned NOT NULL,
  PRIMARY KEY (`guid`),
  KEY `leaderGuid` (`leaderGuid`)
) ENGINE=InnoDB DEFAULT CHARSET=utf8 COMMENT='Groups';
/*!40101 SET character_set_client = @saved_cs_client */;

--
-- Dumping data for table `groups`
--

LOCK TABLES `groups` WRITE;
/*!40000 ALTER TABLE `groups` DISABLE KEYS */;
/*!40000 ALTER TABLE `groups` ENABLE KEYS */;
UNLOCK TABLES;

--
-- Table structure for table `guild`
--

DROP TABLE IF EXISTS `guild`;
/*!40101 SET @saved_cs_client     = @@character_set_client */;
/*!40101 SET character_set_client = utf8 */;
CREATE TABLE `guild` (
  `guildid` int(10) unsigned NOT NULL DEFAULT '0',
  `name` varchar(24) NOT NULL DEFAULT '',
  `leaderguid` int(10) unsigned NOT NULL DEFAULT '0',
  `EmblemStyle` tinyint(3) unsigned NOT NULL DEFAULT '0',
  `EmblemColor` tinyint(3) unsigned NOT NULL DEFAULT '0',
  `BorderStyle` tinyint(3) unsigned NOT NULL DEFAULT '0',
  `BorderColor` tinyint(3) unsigned NOT NULL DEFAULT '0',
  `BackgroundColor` tinyint(3) unsigned NOT NULL DEFAULT '0',
  `info` varchar(500) NOT NULL DEFAULT '',
  `motd` varchar(128) NOT NULL DEFAULT '',
  `createdate` int(10) unsigned NOT NULL DEFAULT '0',
  `BankMoney` bigint(20) unsigned NOT NULL DEFAULT '0',
  PRIMARY KEY (`guildid`)
) ENGINE=InnoDB DEFAULT CHARSET=utf8 COMMENT='Guild System';
/*!40101 SET character_set_client = @saved_cs_client */;

--
-- Dumping data for table `guild`
--

LOCK TABLES `guild` WRITE;
/*!40000 ALTER TABLE `guild` DISABLE KEYS */;
/*!40000 ALTER TABLE `guild` ENABLE KEYS */;
UNLOCK TABLES;

--
-- Table structure for table `guild_bank_eventlog`
--

DROP TABLE IF EXISTS `guild_bank_eventlog`;
/*!40101 SET @saved_cs_client     = @@character_set_client */;
/*!40101 SET character_set_client = utf8 */;
CREATE TABLE `guild_bank_eventlog` (
  `guildid` int(10) unsigned NOT NULL DEFAULT '0' COMMENT 'Guild Identificator',
  `LogGuid` int(10) unsigned NOT NULL DEFAULT '0' COMMENT 'Log record identificator - auxiliary column',
  `TabId` tinyint(3) unsigned NOT NULL DEFAULT '0' COMMENT 'Guild bank TabId',
  `EventType` tinyint(3) unsigned NOT NULL DEFAULT '0' COMMENT 'Event type',
  `PlayerGuid` int(10) unsigned NOT NULL DEFAULT '0',
  `ItemOrMoney` int(10) unsigned NOT NULL DEFAULT '0',
  `ItemStackCount` smallint(5) unsigned NOT NULL DEFAULT '0',
  `DestTabId` tinyint(3) unsigned NOT NULL DEFAULT '0' COMMENT 'Destination Tab Id',
  `TimeStamp` int(10) unsigned NOT NULL DEFAULT '0' COMMENT 'Event UNIX time',
  PRIMARY KEY (`guildid`,`LogGuid`,`TabId`),
  KEY `guildid_key` (`guildid`),
  KEY `Idx_PlayerGuid` (`PlayerGuid`),
  KEY `Idx_LogGuid` (`LogGuid`)
) ENGINE=InnoDB DEFAULT CHARSET=utf8;
/*!40101 SET character_set_client = @saved_cs_client */;

--
-- Dumping data for table `guild_bank_eventlog`
--

LOCK TABLES `guild_bank_eventlog` WRITE;
/*!40000 ALTER TABLE `guild_bank_eventlog` DISABLE KEYS */;
/*!40000 ALTER TABLE `guild_bank_eventlog` ENABLE KEYS */;
UNLOCK TABLES;

--
-- Table structure for table `guild_bank_item`
--

DROP TABLE IF EXISTS `guild_bank_item`;
/*!40101 SET @saved_cs_client     = @@character_set_client */;
/*!40101 SET character_set_client = utf8 */;
CREATE TABLE `guild_bank_item` (
  `guildid` int(10) unsigned NOT NULL DEFAULT '0',
  `TabId` tinyint(3) unsigned NOT NULL DEFAULT '0',
  `SlotId` tinyint(3) unsigned NOT NULL DEFAULT '0',
  `item_guid` int(10) unsigned NOT NULL DEFAULT '0',
  PRIMARY KEY (`guildid`,`TabId`,`SlotId`),
  KEY `guildid_key` (`guildid`),
  KEY `Idx_item_guid` (`item_guid`)
) ENGINE=InnoDB DEFAULT CHARSET=utf8;
/*!40101 SET character_set_client = @saved_cs_client */;

--
-- Dumping data for table `guild_bank_item`
--

LOCK TABLES `guild_bank_item` WRITE;
/*!40000 ALTER TABLE `guild_bank_item` DISABLE KEYS */;
/*!40000 ALTER TABLE `guild_bank_item` ENABLE KEYS */;
UNLOCK TABLES;

--
-- Table structure for table `guild_bank_right`
--

DROP TABLE IF EXISTS `guild_bank_right`;
/*!40101 SET @saved_cs_client     = @@character_set_client */;
/*!40101 SET character_set_client = utf8 */;
CREATE TABLE `guild_bank_right` (
  `guildid` int(10) unsigned NOT NULL DEFAULT '0',
  `TabId` tinyint(3) unsigned NOT NULL DEFAULT '0',
  `rid` tinyint(3) unsigned NOT NULL DEFAULT '0',
  `gbright` tinyint(3) unsigned NOT NULL DEFAULT '0',
  `SlotPerDay` int(10) unsigned NOT NULL DEFAULT '0',
  PRIMARY KEY (`guildid`,`TabId`,`rid`),
  KEY `guildid_key` (`guildid`)
) ENGINE=InnoDB DEFAULT CHARSET=utf8;
/*!40101 SET character_set_client = @saved_cs_client */;

--
-- Dumping data for table `guild_bank_right`
--

LOCK TABLES `guild_bank_right` WRITE;
/*!40000 ALTER TABLE `guild_bank_right` DISABLE KEYS */;
/*!40000 ALTER TABLE `guild_bank_right` ENABLE KEYS */;
UNLOCK TABLES;

--
-- Table structure for table `guild_bank_tab`
--

DROP TABLE IF EXISTS `guild_bank_tab`;
/*!40101 SET @saved_cs_client     = @@character_set_client */;
/*!40101 SET character_set_client = utf8 */;
CREATE TABLE `guild_bank_tab` (
  `guildid` int(10) unsigned NOT NULL DEFAULT '0',
  `TabId` tinyint(3) unsigned NOT NULL DEFAULT '0',
  `TabName` varchar(16) NOT NULL DEFAULT '',
  `TabIcon` varchar(100) NOT NULL DEFAULT '',
  `TabText` varchar(500) DEFAULT NULL,
  PRIMARY KEY (`guildid`,`TabId`),
  KEY `guildid_key` (`guildid`)
) ENGINE=InnoDB DEFAULT CHARSET=utf8;
/*!40101 SET character_set_client = @saved_cs_client */;

--
-- Dumping data for table `guild_bank_tab`
--

LOCK TABLES `guild_bank_tab` WRITE;
/*!40000 ALTER TABLE `guild_bank_tab` DISABLE KEYS */;
/*!40000 ALTER TABLE `guild_bank_tab` ENABLE KEYS */;
UNLOCK TABLES;

--
-- Table structure for table `guild_eventlog`
--

DROP TABLE IF EXISTS `guild_eventlog`;
/*!40101 SET @saved_cs_client     = @@character_set_client */;
/*!40101 SET character_set_client = utf8 */;
CREATE TABLE `guild_eventlog` (
  `guildid` int(10) unsigned NOT NULL COMMENT 'Guild Identificator',
  `LogGuid` int(10) unsigned NOT NULL COMMENT 'Log record identificator - auxiliary column',
  `EventType` tinyint(3) unsigned NOT NULL COMMENT 'Event type',
  `PlayerGuid1` int(10) unsigned NOT NULL COMMENT 'Player 1',
  `PlayerGuid2` int(10) unsigned NOT NULL COMMENT 'Player 2',
  `NewRank` tinyint(3) unsigned NOT NULL COMMENT 'New rank(in case promotion/demotion)',
  `TimeStamp` int(10) unsigned NOT NULL COMMENT 'Event UNIX time',
  PRIMARY KEY (`guildid`,`LogGuid`),
  KEY `Idx_PlayerGuid1` (`PlayerGuid1`),
  KEY `Idx_PlayerGuid2` (`PlayerGuid2`),
  KEY `Idx_LogGuid` (`LogGuid`)
) ENGINE=InnoDB DEFAULT CHARSET=utf8 COMMENT='Guild Eventlog';
/*!40101 SET character_set_client = @saved_cs_client */;

--
-- Dumping data for table `guild_eventlog`
--

LOCK TABLES `guild_eventlog` WRITE;
/*!40000 ALTER TABLE `guild_eventlog` DISABLE KEYS */;
/*!40000 ALTER TABLE `guild_eventlog` ENABLE KEYS */;
UNLOCK TABLES;

--
-- Table structure for table `guild_member`
--

DROP TABLE IF EXISTS `guild_member`;
/*!40101 SET @saved_cs_client     = @@character_set_client */;
/*!40101 SET character_set_client = utf8 */;
CREATE TABLE `guild_member` (
  `guildid` int(10) unsigned NOT NULL COMMENT 'Guild Identificator',
  `guid` int(10) unsigned NOT NULL,
  `rank` tinyint(3) unsigned NOT NULL,
  `pnote` varchar(31) NOT NULL DEFAULT '',
  `offnote` varchar(31) NOT NULL DEFAULT '',
  UNIQUE KEY `guid_key` (`guid`),
  KEY `guildid_key` (`guildid`),
  KEY `guildid_rank_key` (`guildid`,`rank`)
) ENGINE=InnoDB DEFAULT CHARSET=utf8 COMMENT='Guild System';
/*!40101 SET character_set_client = @saved_cs_client */;

--
-- Dumping data for table `guild_member`
--

LOCK TABLES `guild_member` WRITE;
/*!40000 ALTER TABLE `guild_member` DISABLE KEYS */;
/*!40000 ALTER TABLE `guild_member` ENABLE KEYS */;
UNLOCK TABLES;

--
-- Table structure for table `guild_member_withdraw`
--

DROP TABLE IF EXISTS `guild_member_withdraw`;
/*!40101 SET @saved_cs_client     = @@character_set_client */;
/*!40101 SET character_set_client = utf8 */;
CREATE TABLE `guild_member_withdraw` (
  `guid` int(10) unsigned NOT NULL,
  `tab0` int(10) unsigned NOT NULL DEFAULT '0',
  `tab1` int(10) unsigned NOT NULL DEFAULT '0',
  `tab2` int(10) unsigned NOT NULL DEFAULT '0',
  `tab3` int(10) unsigned NOT NULL DEFAULT '0',
  `tab4` int(10) unsigned NOT NULL DEFAULT '0',
  `tab5` int(10) unsigned NOT NULL DEFAULT '0',
  `money` int(10) unsigned NOT NULL DEFAULT '0',
  PRIMARY KEY (`guid`)
) ENGINE=InnoDB DEFAULT CHARSET=utf8 COMMENT='Guild Member Daily Withdraws';
/*!40101 SET character_set_client = @saved_cs_client */;

--
-- Dumping data for table `guild_member_withdraw`
--

LOCK TABLES `guild_member_withdraw` WRITE;
/*!40000 ALTER TABLE `guild_member_withdraw` DISABLE KEYS */;
/*!40000 ALTER TABLE `guild_member_withdraw` ENABLE KEYS */;
UNLOCK TABLES;

--
-- Table structure for table `guild_rank`
--

DROP TABLE IF EXISTS `guild_rank`;
/*!40101 SET @saved_cs_client     = @@character_set_client */;
/*!40101 SET character_set_client = utf8 */;
CREATE TABLE `guild_rank` (
  `guildid` int(10) unsigned NOT NULL DEFAULT '0',
  `rid` tinyint(3) unsigned NOT NULL,
  `rname` varchar(20) NOT NULL DEFAULT '',
  `rights` mediumint(8) unsigned NOT NULL DEFAULT '0',
  `BankMoneyPerDay` int(10) unsigned NOT NULL DEFAULT '0',
  PRIMARY KEY (`guildid`,`rid`),
  KEY `Idx_rid` (`rid`)
) ENGINE=InnoDB DEFAULT CHARSET=utf8 COMMENT='Guild System';
/*!40101 SET character_set_client = @saved_cs_client */;

--
-- Dumping data for table `guild_rank`
--

LOCK TABLES `guild_rank` WRITE;
/*!40000 ALTER TABLE `guild_rank` DISABLE KEYS */;
/*!40000 ALTER TABLE `guild_rank` ENABLE KEYS */;
UNLOCK TABLES;

--
-- Table structure for table `instance`
--

DROP TABLE IF EXISTS `instance`;
/*!40101 SET @saved_cs_client     = @@character_set_client */;
/*!40101 SET character_set_client = utf8 */;
CREATE TABLE `instance` (
  `id` int(10) unsigned NOT NULL DEFAULT '0',
  `map` smallint(5) unsigned NOT NULL DEFAULT '0',
  `resettime` bigint(20) unsigned NOT NULL DEFAULT '0',
  `difficulty` tinyint(3) unsigned NOT NULL DEFAULT '0',
  `completedEncounters` int(10) unsigned NOT NULL DEFAULT '0',
  `data` tinytext NOT NULL,
  PRIMARY KEY (`id`),
  KEY `map` (`map`),
  KEY `resettime` (`resettime`),
  KEY `difficulty` (`difficulty`)
) ENGINE=InnoDB DEFAULT CHARSET=utf8;
/*!40101 SET character_set_client = @saved_cs_client */;

--
-- Dumping data for table `instance`
--

LOCK TABLES `instance` WRITE;
/*!40000 ALTER TABLE `instance` DISABLE KEYS */;
/*!40000 ALTER TABLE `instance` ENABLE KEYS */;
UNLOCK TABLES;

--
-- Table structure for table `instance_reset`
--

DROP TABLE IF EXISTS `instance_reset`;
/*!40101 SET @saved_cs_client     = @@character_set_client */;
/*!40101 SET character_set_client = utf8 */;
CREATE TABLE `instance_reset` (
  `mapid` smallint(5) unsigned NOT NULL DEFAULT '0',
  `difficulty` tinyint(3) unsigned NOT NULL DEFAULT '0',
  `resettime` bigint(20) unsigned NOT NULL DEFAULT '0',
  PRIMARY KEY (`mapid`,`difficulty`),
  KEY `difficulty` (`difficulty`)
) ENGINE=InnoDB DEFAULT CHARSET=utf8;
/*!40101 SET character_set_client = @saved_cs_client */;

--
-- Dumping data for table `instance_reset`
--

LOCK TABLES `instance_reset` WRITE;
/*!40000 ALTER TABLE `instance_reset` DISABLE KEYS */;
INSERT INTO `instance_reset` VALUES (249,0,1575536400),(249,1,1575536400),(269,1,1575277200),(309,0,1575277200),(409,0,1575536400),(469,0,1575536400),(509,0,1575277200),(531,0,1575536400),(532,0,1575536400),(533,0,1575536400),(533,1,1575536400),(534,0,1575536400),(540,1,1575277200),(542,1,1575277200),(543,1,1575277200),(544,0,1575536400),(545,1,1575277200),(546,1,1575277200),(547,1,1575277200),(548,0,1575536400),(550,0,1575536400),(552,1,1575277200),(553,1,1575277200),(554,1,1575277200),(555,1,1575277200),(556,1,1575277200),(557,1,1575277200),(558,1,1575277200),(560,1,1575277200),(564,0,1575536400),(565,0,1575536400),(568,0,1575277200),(574,1,1575277200),(575,1,1575277200),(576,1,1575277200),(578,1,1575277200),(580,0,1575536400),(585,1,1575277200),(595,1,1575277200),(598,1,1575277200),(599,1,1575277200),(600,1,1575277200),(601,1,1575277200),(602,1,1575277200),(603,0,1575536400),(603,1,1575536400),(604,1,1575277200),(608,1,1575277200),(615,0,1575536400),(615,1,1575536400),(616,0,1575536400),(616,1,1575536400),(619,1,1575277200),(624,0,1575536400),(624,1,1575536400),(631,0,1575536400),(631,1,1575536400),(631,2,1575536400),(631,3,1575536400),(632,1,1575277200),(649,0,1575536400),(649,1,1575536400),(649,2,1575536400),(649,3,1575536400),(650,1,1575277200),(658,1,1575277200),(668,1,1575277200),(724,0,1575536400),(724,1,1575536400),(724,2,1575536400),(724,3,1575536400);
/*!40000 ALTER TABLE `instance_reset` ENABLE KEYS */;
UNLOCK TABLES;

--
-- Table structure for table `item_instance`
--

DROP TABLE IF EXISTS `item_instance`;
/*!40101 SET @saved_cs_client     = @@character_set_client */;
/*!40101 SET character_set_client = utf8 */;
CREATE TABLE `item_instance` (
  `guid` int(10) unsigned NOT NULL DEFAULT '0',
  `itemEntry` mediumint(8) unsigned NOT NULL DEFAULT '0',
  `owner_guid` int(10) unsigned NOT NULL DEFAULT '0',
  `creatorGuid` int(10) unsigned NOT NULL DEFAULT '0',
  `giftCreatorGuid` int(10) unsigned NOT NULL DEFAULT '0',
  `count` int(10) unsigned NOT NULL DEFAULT '1',
  `duration` int(10) NOT NULL DEFAULT '0',
  `charges` tinytext,
  `flags` mediumint(8) unsigned NOT NULL DEFAULT '0',
  `enchantments` text NOT NULL,
  `randomPropertyId` smallint(5) NOT NULL DEFAULT '0',
  `durability` smallint(5) unsigned NOT NULL DEFAULT '0',
  `playedTime` int(10) unsigned NOT NULL DEFAULT '0',
  `text` text,
  PRIMARY KEY (`guid`),
  KEY `idx_owner_guid` (`owner_guid`)
) ENGINE=InnoDB DEFAULT CHARSET=utf8 COMMENT='Item System';
/*!40101 SET character_set_client = @saved_cs_client */;

--
-- Dumping data for table `item_instance`
--

LOCK TABLES `item_instance` WRITE;
/*!40000 ALTER TABLE `item_instance` DISABLE KEYS */;
INSERT INTO `item_instance` VALUES (12,24143,2,0,0,1,0,'0 0 0 0 0 ',0,'0 0 0 0 0 0 0 0 0 0 0 0 0 0 0 0 0 0 0 0 0 0 0 0 0 0 0 0 0 0 0 0 0 0 0 0 ',0,0,0,''),(14,24145,2,0,0,1,0,'0 0 0 0 0 ',0,'0 0 0 0 0 0 0 0 0 0 0 0 0 0 0 0 0 0 0 0 0 0 0 0 0 0 0 0 0 0 0 0 0 0 0 0 ',0,25,0,''),(16,24146,2,0,0,1,0,'0 0 0 0 0 ',0,'0 0 0 0 0 0 0 0 0 0 0 0 0 0 0 0 0 0 0 0 0 0 0 0 0 0 0 0 0 0 0 0 0 0 0 0 ',0,16,0,''),(18,23346,2,0,0,1,0,'0 0 0 0 0 ',0,'0 0 0 0 0 0 0 0 0 0 0 0 0 0 0 0 0 0 0 0 0 0 0 0 0 0 0 0 0 0 0 0 0 0 0 0 ',0,25,0,''),(20,6948,2,0,0,1,0,'0 0 0 0 0 ',1,'0 0 0 0 0 0 0 0 0 0 0 0 0 0 0 0 0 0 0 0 0 0 0 0 0 0 0 0 0 0 0 0 0 0 0 0 ',0,0,0,''),(22,6129,3,0,0,1,0,'0 0 0 0 0 ',0,'0 0 0 0 0 0 0 0 0 0 0 0 0 0 0 0 0 0 0 0 0 0 0 0 0 0 0 0 0 0 0 0 0 0 0 0 ',0,35,0,''),(24,1396,3,0,0,1,0,'0 0 0 0 0 ',0,'0 0 0 0 0 0 0 0 0 0 0 0 0 0 0 0 0 0 0 0 0 0 0 0 0 0 0 0 0 0 0 0 0 0 0 0 ',0,25,0,''),(26,59,3,0,0,1,0,'0 0 0 0 0 ',0,'0 0 0 0 0 0 0 0 0 0 0 0 0 0 0 0 0 0 0 0 0 0 0 0 0 0 0 0 0 0 0 0 0 0 0 0 ',0,0,0,''),(28,35,3,0,0,1,0,'0 0 0 0 0 ',0,'0 0 0 0 0 0 0 0 0 0 0 0 0 0 0 0 0 0 0 0 0 0 0 0 0 0 0 0 0 0 0 0 0 0 0 0 ',0,25,0,''),(30,6948,3,0,0,1,0,'0 0 0 0 0 ',1,'0 0 0 0 0 0 0 0 0 0 0 0 0 0 0 0 0 0 0 0 0 0 0 0 0 0 0 0 0 0 0 0 0 0 0 0 ',0,0,0,''),(32,3661,4,0,0,1,0,'0 0 0 0 0 ',0,'0 0 0 0 0 0 0 0 0 0 0 0 0 0 0 0 0 0 0 0 0 0 0 0 0 0 0 0 0 0 0 0 0 0 0 0 ',0,25,0,''),(34,6123,4,0,0,1,0,'0 0 0 0 0 ',0,'0 0 0 0 0 0 0 0 0 0 0 0 0 0 0 0 0 0 0 0 0 0 0 0 0 0 0 0 0 0 0 0 0 0 0 0 ',0,35,0,''),(36,6124,4,0,0,1,0,'0 0 0 0 0 ',0,'0 0 0 0 0 0 0 0 0 0 0 0 0 0 0 0 0 0 0 0 0 0 0 0 0 0 0 0 0 0 0 0 0 0 0 0 ',0,25,0,''),(38,6948,4,0,0,1,0,'0 0 0 0 0 ',1,'0 0 0 0 0 0 0 0 0 0 0 0 0 0 0 0 0 0 0 0 0 0 0 0 0 0 0 0 0 0 0 0 0 0 0 0 ',0,0,0,''),(40,23345,5,0,0,1,0,'0 0 0 0 0 ',0,'0 0 0 0 0 0 0 0 0 0 0 0 0 0 0 0 0 0 0 0 0 0 0 0 0 0 0 0 0 0 0 0 0 0 0 0 ',0,0,0,''),(42,23344,5,0,0,1,0,'0 0 0 0 0 ',0,'0 0 0 0 0 0 0 0 0 0 0 0 0 0 0 0 0 0 0 0 0 0 0 0 0 0 0 0 0 0 0 0 0 0 0 0 ',0,25,0,''),(44,23348,5,0,0,1,0,'0 0 0 0 0 ',0,'0 0 0 0 0 0 0 0 0 0 0 0 0 0 0 0 0 0 0 0 0 0 0 0 0 0 0 0 0 0 0 0 0 0 0 0 ',0,0,0,''),(46,6948,5,0,0,1,0,'0 0 0 0 0 ',1,'0 0 0 0 0 0 0 0 0 0 0 0 0 0 0 0 0 0 0 0 0 0 0 0 0 0 0 0 0 0 0 0 0 0 0 0 ',0,0,0,''),(48,36,5,0,0,1,0,'0 0 0 0 0 ',0,'0 0 0 0 0 0 0 0 0 0 0 0 0 0 0 0 0 0 0 0 0 0 0 0 0 0 0 0 0 0 0 0 0 0 0 0 ',0,20,0,''),(50,2362,5,0,0,1,0,'0 0 0 0 0 ',0,'0 0 0 0 0 0 0 0 0 0 0 0 0 0 0 0 0 0 0 0 0 0 0 0 0 0 0 0 0 0 0 0 0 0 0 0 ',0,20,0,''),(52,56,6,0,0,1,0,'0 0 0 0 0 ',0,'0 0 0 0 0 0 0 0 0 0 0 0 0 0 0 0 0 0 0 0 0 0 0 0 0 0 0 0 0 0 0 0 0 0 0 0 ',0,35,0,''),(54,1395,6,0,0,1,0,'0 0 0 0 0 ',0,'0 0 0 0 0 0 0 0 0 0 0 0 0 0 0 0 0 0 0 0 0 0 0 0 0 0 0 0 0 0 0 0 0 0 0 0 ',0,25,0,''),(56,55,6,0,0,1,0,'0 0 0 0 0 ',0,'0 0 0 0 0 0 0 0 0 0 0 0 0 0 0 0 0 0 0 0 0 0 0 0 0 0 0 0 0 0 0 0 0 0 0 0 ',0,0,0,''),(58,35,6,0,0,1,0,'0 0 0 0 0 ',0,'0 0 0 0 0 0 0 0 0 0 0 0 0 0 0 0 0 0 0 0 0 0 0 0 0 0 0 0 0 0 0 0 0 0 0 0 ',0,25,0,''),(60,6096,6,0,0,1,0,'0 0 0 0 0 ',0,'0 0 0 0 0 0 0 0 0 0 0 0 0 0 0 0 0 0 0 0 0 0 0 0 0 0 0 0 0 0 0 0 0 0 0 0 ',0,0,0,''),(62,6948,6,0,0,1,0,'0 0 0 0 0 ',1,'0 0 0 0 0 0 0 0 0 0 0 0 0 0 0 0 0 0 0 0 0 0 0 0 0 0 0 0 0 0 0 0 0 0 0 0 ',0,0,0,''),(64,6125,7,0,0,1,0,'0 0 0 0 0 ',0,'0 0 0 0 0 0 0 0 0 0 0 0 0 0 0 0 0 0 0 0 0 0 0 0 0 0 0 0 0 0 0 0 0 0 0 0 ',0,0,0,''),(66,139,7,0,0,1,0,'0 0 0 0 0 ',0,'0 0 0 0 0 0 0 0 0 0 0 0 0 0 0 0 0 0 0 0 0 0 0 0 0 0 0 0 0 0 0 0 0 0 0 0 ',0,25,0,''),(68,140,7,0,0,1,0,'0 0 0 0 0 ',0,'0 0 0 0 0 0 0 0 0 0 0 0 0 0 0 0 0 0 0 0 0 0 0 0 0 0 0 0 0 0 0 0 0 0 0 0 ',0,0,0,''),(70,6948,7,0,0,1,0,'0 0 0 0 0 ',1,'0 0 0 0 0 0 0 0 0 0 0 0 0 0 0 0 0 0 0 0 0 0 0 0 0 0 0 0 0 0 0 0 0 0 0 0 ',0,0,0,''),(72,12282,7,0,0,1,0,'0 0 0 0 0 ',0,'0 0 0 0 0 0 0 0 0 0 0 0 0 0 0 0 0 0 0 0 0 0 0 0 0 0 0 0 0 0 0 0 0 0 0 0 ',0,25,0,''),(74,127,8,0,0,1,0,'0 0 0 0 0 ',0,'0 0 0 0 0 0 0 0 0 0 0 0 0 0 0 0 0 0 0 0 0 0 0 0 0 0 0 0 0 0 0 0 0 0 0 0 ',0,0,0,''),(76,6126,8,0,0,1,0,'0 0 0 0 0 ',0,'0 0 0 0 0 0 0 0 0 0 0 0 0 0 0 0 0 0 0 0 0 0 0 0 0 0 0 0 0 0 0 0 0 0 0 0 ',0,25,0,''),(78,6948,8,0,0,1,0,'0 0 0 0 0 ',1,'0 0 0 0 0 0 0 0 0 0 0 0 0 0 0 0 0 0 0 0 0 0 0 0 0 0 0 0 0 0 0 0 0 0 0 0 ',0,0,0,''),(80,12282,8,0,0,1,0,'0 0 0 0 0 ',0,'0 0 0 0 0 0 0 0 0 0 0 0 0 0 0 0 0 0 0 0 0 0 0 0 0 0 0 0 0 0 0 0 0 0 0 0 ',0,25,0,''),(82,2508,8,0,0,1,0,'0 0 0 0 0 ',0,'0 0 0 0 0 0 0 0 0 0 0 0 0 0 0 0 0 0 0 0 0 0 0 0 0 0 0 0 0 0 0 0 0 0 0 0 ',0,20,0,''),(84,2102,8,0,0,1,0,'0 0 0 0 0 ',0,'0 0 0 0 0 0 0 0 0 0 0 0 0 0 0 0 0 0 0 0 0 0 0 0 0 0 0 0 0 0 0 0 0 0 0 0 ',0,0,0,''),(86,2516,8,0,0,200,0,'0 0 0 0 0 ',0,'0 0 0 0 0 0 0 0 0 0 0 0 0 0 0 0 0 0 0 0 0 0 0 0 0 0 0 0 0 0 0 0 0 0 0 0 ',0,0,0,''),(88,49,9,0,0,1,0,'0 0 0 0 0 ',0,'0 0 0 0 0 0 0 0 0 0 0 0 0 0 0 0 0 0 0 0 0 0 0 0 0 0 0 0 0 0 0 0 0 0 0 0 ',0,0,0,''),(90,48,9,0,0,1,0,'0 0 0 0 0 ',0,'0 0 0 0 0 0 0 0 0 0 0 0 0 0 0 0 0 0 0 0 0 0 0 0 0 0 0 0 0 0 0 0 0 0 0 0 ',0,25,0,''),(92,47,9,0,0,1,0,'0 0 0 0 0 ',0,'0 0 0 0 0 0 0 0 0 0 0 0 0 0 0 0 0 0 0 0 0 0 0 0 0 0 0 0 0 0 0 0 0 0 0 0 ',0,0,0,''),(94,2092,9,0,0,1,0,'0 0 0 0 0 ',0,'0 0 0 0 0 0 0 0 0 0 0 0 0 0 0 0 0 0 0 0 0 0 0 0 0 0 0 0 0 0 0 0 0 0 0 0 ',0,16,0,''),(96,50055,9,0,0,1,0,'0 0 0 0 0 ',0,'0 0 0 0 0 0 0 0 0 0 0 0 0 0 0 0 0 0 0 0 0 0 0 0 0 0 0 0 0 0 0 0 0 0 0 0 ',0,16,0,''),(98,28979,9,0,0,1,0,'0 0 0 0 0 ',0,'0 0 0 0 0 0 0 0 0 0 0 0 0 0 0 0 0 0 0 0 0 0 0 0 0 0 0 0 0 0 0 0 0 0 0 0 ',0,0,0,''),(100,6948,9,0,0,1,0,'0 0 0 0 0 ',1,'0 0 0 0 0 0 0 0 0 0 0 0 0 0 0 0 0 0 0 0 0 0 0 0 0 0 0 0 0 0 0 0 0 0 0 0 ',0,0,0,''),(102,6098,10,0,0,1,0,'0 0 0 0 0 ',0,'0 0 0 0 0 0 0 0 0 0 0 0 0 0 0 0 0 0 0 0 0 0 0 0 0 0 0 0 0 0 0 0 0 0 0 0 ',0,35,0,''),(104,53,10,0,0,1,0,'0 0 0 0 0 ',0,'0 0 0 0 0 0 0 0 0 0 0 0 0 0 0 0 0 0 0 0 0 0 0 0 0 0 0 0 0 0 0 0 0 0 0 0 ',0,0,0,''),(106,52,10,0,0,1,0,'0 0 0 0 0 ',0,'0 0 0 0 0 0 0 0 0 0 0 0 0 0 0 0 0 0 0 0 0 0 0 0 0 0 0 0 0 0 0 0 0 0 0 0 ',0,25,0,''),(108,51,10,0,0,1,0,'0 0 0 0 0 ',0,'0 0 0 0 0 0 0 0 0 0 0 0 0 0 0 0 0 0 0 0 0 0 0 0 0 0 0 0 0 0 0 0 0 0 0 0 ',0,0,0,''),(110,35,10,0,0,1,0,'0 0 0 0 0 ',0,'0 0 0 0 0 0 0 0 0 0 0 0 0 0 0 0 0 0 0 0 0 0 0 0 0 0 0 0 0 0 0 0 0 0 0 0 ',0,25,0,''),(112,6948,10,0,0,1,0,'0 0 0 0 0 ',1,'0 0 0 0 0 0 0 0 0 0 0 0 0 0 0 0 0 0 0 0 0 0 0 0 0 0 0 0 0 0 0 0 0 0 0 0 ',0,0,0,''),(114,34652,11,0,0,1,0,'0 0 0 0 0 ',1,'0 0 0 0 0 0 0 0 0 0 0 0 0 0 0 0 0 0 0 0 0 0 0 0 0 0 0 0 0 0 0 0 0 0 0 0 ',0,70,0,''),(116,34655,11,0,0,1,0,'0 0 0 0 0 ',1,'0 0 0 0 0 0 0 0 0 0 0 0 0 0 0 0 0 0 0 0 0 0 0 0 0 0 0 0 0 0 0 0 0 0 0 0 ',0,70,0,''),(118,34659,11,0,0,1,0,'0 0 0 0 0 ',1,'0 0 0 0 0 0 0 0 0 0 0 0 0 0 0 0 0 0 0 0 0 0 0 0 0 0 0 0 0 0 0 0 0 0 0 0 ',0,0,0,''),(120,34650,11,0,0,1,0,'0 0 0 0 0 ',1,'0 0 0 0 0 0 0 0 0 0 0 0 0 0 0 0 0 0 0 0 0 0 0 0 0 0 0 0 0 0 0 0 0 0 0 0 ',0,115,0,''),(122,34653,11,0,0,1,0,'0 0 0 0 0 ',1,'0 0 0 0 0 0 0 0 0 0 0 0 0 0 0 0 0 0 0 0 0 0 0 0 0 0 0 0 0 0 0 0 0 0 0 0 ',0,40,0,''),(124,34649,11,0,0,1,0,'0 0 0 0 0 ',1,'0 0 0 0 0 0 0 0 0 0 0 0 0 0 0 0 0 0 0 0 0 0 0 0 0 0 0 0 0 0 0 0 0 0 0 0 ',0,40,0,''),(126,34651,11,0,0,1,0,'0 0 0 0 0 ',1,'0 0 0 0 0 0 0 0 0 0 0 0 0 0 0 0 0 0 0 0 0 0 0 0 0 0 0 0 0 0 0 0 0 0 0 0 ',0,40,0,''),(128,34656,11,0,0,1,0,'0 0 0 0 0 ',1,'0 0 0 0 0 0 0 0 0 0 0 0 0 0 0 0 0 0 0 0 0 0 0 0 0 0 0 0 0 0 0 0 0 0 0 0 ',0,85,0,''),(130,34648,11,0,0,1,0,'0 0 0 0 0 ',1,'0 0 0 0 0 0 0 0 0 0 0 0 0 0 0 0 0 0 0 0 0 0 0 0 0 0 0 0 0 0 0 0 0 0 0 0 ',0,55,0,''),(132,34657,11,0,0,1,0,'0 0 0 0 0 ',1,'0 0 0 0 0 0 0 0 0 0 0 0 0 0 0 0 0 0 0 0 0 0 0 0 0 0 0 0 0 0 0 0 0 0 0 0 ',0,0,0,''),(134,34658,11,0,0,1,0,'0 0 0 0 0 ',1,'0 0 0 0 0 0 0 0 0 0 0 0 0 0 0 0 0 0 0 0 0 0 0 0 0 0 0 0 0 0 0 0 0 0 0 0 ',0,0,0,''),(136,38145,11,0,0,1,0,'0 0 0 0 0 ',1,'0 0 0 0 0 0 0 0 0 0 0 0 0 0 0 0 0 0 0 0 0 0 0 0 0 0 0 0 0 0 0 0 0 0 0 0 ',0,0,0,''),(138,38145,11,0,0,1,0,'0 0 0 0 0 ',1,'0 0 0 0 0 0 0 0 0 0 0 0 0 0 0 0 0 0 0 0 0 0 0 0 0 0 0 0 0 0 0 0 0 0 0 0 ',0,0,0,''),(140,38145,11,0,0,1,0,'0 0 0 0 0 ',1,'0 0 0 0 0 0 0 0 0 0 0 0 0 0 0 0 0 0 0 0 0 0 0 0 0 0 0 0 0 0 0 0 0 0 0 0 ',0,0,0,''),(142,38145,11,0,0,1,0,'0 0 0 0 0 ',1,'0 0 0 0 0 0 0 0 0 0 0 0 0 0 0 0 0 0 0 0 0 0 0 0 0 0 0 0 0 0 0 0 0 0 0 0 ',0,0,0,''),(144,38147,11,0,0,1,0,'0 0 0 0 0 ',1,'0 0 0 0 0 0 0 0 0 0 0 0 0 0 0 0 0 0 0 0 0 0 0 0 0 0 0 0 0 0 0 0 0 0 0 0 ',0,0,0,''),(146,41751,11,0,0,10,0,'-1 0 0 0 0 ',0,'0 0 0 0 0 0 0 0 0 0 0 0 0 0 0 0 0 0 0 0 0 0 0 0 0 0 0 0 0 0 0 0 0 0 0 0 ',0,0,0,'');
/*!40000 ALTER TABLE `item_instance` ENABLE KEYS */;
UNLOCK TABLES;

--
-- Table structure for table `item_loot_items`
--

DROP TABLE IF EXISTS `item_loot_items`;
/*!40101 SET @saved_cs_client     = @@character_set_client */;
/*!40101 SET character_set_client = utf8 */;
CREATE TABLE `item_loot_items` (
  `container_id` int(10) unsigned NOT NULL DEFAULT '0' COMMENT 'guid of container (item_instance.guid)',
  `item_id` int(10) unsigned NOT NULL DEFAULT '0' COMMENT 'loot item entry (item_instance.itemEntry)',
  `item_count` int(10) NOT NULL DEFAULT '0' COMMENT 'stack size',
  `follow_rules` tinyint(1) NOT NULL DEFAULT '0' COMMENT 'follow loot rules',
  `ffa` tinyint(1) NOT NULL DEFAULT '0' COMMENT 'free-for-all',
  `blocked` tinyint(1) NOT NULL DEFAULT '0',
  `counted` tinyint(1) NOT NULL DEFAULT '0',
  `under_threshold` tinyint(1) NOT NULL DEFAULT '0',
  `needs_quest` tinyint(1) NOT NULL DEFAULT '0' COMMENT 'quest drop',
  `rnd_prop` int(10) NOT NULL DEFAULT '0' COMMENT 'random enchantment added when originally rolled',
  `rnd_suffix` int(10) NOT NULL DEFAULT '0' COMMENT 'random suffix added when originally rolled'
) ENGINE=InnoDB DEFAULT CHARSET=latin1;
/*!40101 SET character_set_client = @saved_cs_client */;

--
-- Dumping data for table `item_loot_items`
--

LOCK TABLES `item_loot_items` WRITE;
/*!40000 ALTER TABLE `item_loot_items` DISABLE KEYS */;
/*!40000 ALTER TABLE `item_loot_items` ENABLE KEYS */;
UNLOCK TABLES;

--
-- Table structure for table `item_loot_money`
--

DROP TABLE IF EXISTS `item_loot_money`;
/*!40101 SET @saved_cs_client     = @@character_set_client */;
/*!40101 SET character_set_client = utf8 */;
CREATE TABLE `item_loot_money` (
  `container_id` int(10) unsigned NOT NULL DEFAULT '0' COMMENT 'guid of container (item_instance.guid)',
  `money` int(10) unsigned NOT NULL DEFAULT '0' COMMENT 'money loot (in copper)',
  PRIMARY KEY (`container_id`)
) ENGINE=InnoDB DEFAULT CHARSET=latin1;
/*!40101 SET character_set_client = @saved_cs_client */;

--
-- Dumping data for table `item_loot_money`
--

LOCK TABLES `item_loot_money` WRITE;
/*!40000 ALTER TABLE `item_loot_money` DISABLE KEYS */;
/*!40000 ALTER TABLE `item_loot_money` ENABLE KEYS */;
UNLOCK TABLES;

--
-- Table structure for table `item_refund_instance`
--

DROP TABLE IF EXISTS `item_refund_instance`;
/*!40101 SET @saved_cs_client     = @@character_set_client */;
/*!40101 SET character_set_client = utf8 */;
CREATE TABLE `item_refund_instance` (
  `item_guid` int(10) unsigned NOT NULL COMMENT 'Item GUID',
  `player_guid` int(10) unsigned NOT NULL COMMENT 'Player GUID',
  `paidMoney` int(10) unsigned NOT NULL DEFAULT '0',
  `paidExtendedCost` smallint(5) unsigned NOT NULL DEFAULT '0',
  PRIMARY KEY (`item_guid`,`player_guid`)
) ENGINE=InnoDB DEFAULT CHARSET=utf8 COMMENT='Item Refund System';
/*!40101 SET character_set_client = @saved_cs_client */;

--
-- Dumping data for table `item_refund_instance`
--

LOCK TABLES `item_refund_instance` WRITE;
/*!40000 ALTER TABLE `item_refund_instance` DISABLE KEYS */;
/*!40000 ALTER TABLE `item_refund_instance` ENABLE KEYS */;
UNLOCK TABLES;

--
-- Table structure for table `item_soulbound_trade_data`
--

DROP TABLE IF EXISTS `item_soulbound_trade_data`;
/*!40101 SET @saved_cs_client     = @@character_set_client */;
/*!40101 SET character_set_client = utf8 */;
CREATE TABLE `item_soulbound_trade_data` (
  `itemGuid` int(10) unsigned NOT NULL COMMENT 'Item GUID',
  `allowedPlayers` text NOT NULL COMMENT 'Space separated GUID list of players who can receive this item in trade',
  PRIMARY KEY (`itemGuid`)
) ENGINE=InnoDB DEFAULT CHARSET=utf8 COMMENT='Item Refund System';
/*!40101 SET character_set_client = @saved_cs_client */;

--
-- Dumping data for table `item_soulbound_trade_data`
--

LOCK TABLES `item_soulbound_trade_data` WRITE;
/*!40000 ALTER TABLE `item_soulbound_trade_data` DISABLE KEYS */;
/*!40000 ALTER TABLE `item_soulbound_trade_data` ENABLE KEYS */;
UNLOCK TABLES;

--
-- Table structure for table `lag_reports`
--

DROP TABLE IF EXISTS `lag_reports`;
/*!40101 SET @saved_cs_client     = @@character_set_client */;
/*!40101 SET character_set_client = utf8 */;
CREATE TABLE `lag_reports` (
  `reportId` int(10) unsigned NOT NULL AUTO_INCREMENT,
  `guid` int(10) unsigned NOT NULL DEFAULT '0',
  `lagType` tinyint(3) unsigned NOT NULL DEFAULT '0',
  `mapId` smallint(5) unsigned NOT NULL DEFAULT '0',
  `posX` float NOT NULL DEFAULT '0',
  `posY` float NOT NULL DEFAULT '0',
  `posZ` float NOT NULL DEFAULT '0',
  `latency` int(10) unsigned NOT NULL DEFAULT '0',
  `createTime` int(10) unsigned NOT NULL DEFAULT '0',
  PRIMARY KEY (`reportId`)
) ENGINE=InnoDB DEFAULT CHARSET=utf8 COMMENT='Player System';
/*!40101 SET character_set_client = @saved_cs_client */;

--
-- Dumping data for table `lag_reports`
--

LOCK TABLES `lag_reports` WRITE;
/*!40000 ALTER TABLE `lag_reports` DISABLE KEYS */;
/*!40000 ALTER TABLE `lag_reports` ENABLE KEYS */;
UNLOCK TABLES;

--
-- Table structure for table `lfg_data`
--

DROP TABLE IF EXISTS `lfg_data`;
/*!40101 SET @saved_cs_client     = @@character_set_client */;
/*!40101 SET character_set_client = utf8 */;
CREATE TABLE `lfg_data` (
  `guid` int(10) unsigned NOT NULL DEFAULT '0' COMMENT 'Global Unique Identifier',
  `dungeon` int(10) unsigned NOT NULL DEFAULT '0',
  `state` tinyint(3) unsigned NOT NULL DEFAULT '0',
  PRIMARY KEY (`guid`)
) ENGINE=InnoDB DEFAULT CHARSET=utf8 COMMENT='LFG Data';
/*!40101 SET character_set_client = @saved_cs_client */;

--
-- Dumping data for table `lfg_data`
--

LOCK TABLES `lfg_data` WRITE;
/*!40000 ALTER TABLE `lfg_data` DISABLE KEYS */;
/*!40000 ALTER TABLE `lfg_data` ENABLE KEYS */;
UNLOCK TABLES;

--
-- Table structure for table `mail`
--

DROP TABLE IF EXISTS `mail`;
/*!40101 SET @saved_cs_client     = @@character_set_client */;
/*!40101 SET character_set_client = utf8 */;
CREATE TABLE `mail` (
  `id` int(10) unsigned NOT NULL DEFAULT '0' COMMENT 'Identifier',
  `messageType` tinyint(3) unsigned NOT NULL DEFAULT '0',
  `stationery` tinyint(3) NOT NULL DEFAULT '41',
  `mailTemplateId` smallint(5) unsigned NOT NULL DEFAULT '0',
  `sender` int(10) unsigned NOT NULL DEFAULT '0' COMMENT 'Character Global Unique Identifier',
  `receiver` int(10) unsigned NOT NULL DEFAULT '0' COMMENT 'Character Global Unique Identifier',
  `subject` longtext,
  `body` longtext,
  `has_items` tinyint(3) unsigned NOT NULL DEFAULT '0',
  `expire_time` int(10) unsigned NOT NULL DEFAULT '0',
  `deliver_time` int(10) unsigned NOT NULL DEFAULT '0',
  `money` int(10) unsigned NOT NULL DEFAULT '0',
  `cod` int(10) unsigned NOT NULL DEFAULT '0',
  `checked` tinyint(3) unsigned NOT NULL DEFAULT '0',
  PRIMARY KEY (`id`),
  KEY `idx_receiver` (`receiver`)
) ENGINE=InnoDB DEFAULT CHARSET=utf8 COMMENT='Mail System';
/*!40101 SET character_set_client = @saved_cs_client */;

--
-- Dumping data for table `mail`
--

LOCK TABLES `mail` WRITE;
/*!40000 ALTER TABLE `mail` DISABLE KEYS */;
/*!40000 ALTER TABLE `mail` ENABLE KEYS */;
UNLOCK TABLES;

--
-- Table structure for table `mail_items`
--

DROP TABLE IF EXISTS `mail_items`;
/*!40101 SET @saved_cs_client     = @@character_set_client */;
/*!40101 SET character_set_client = utf8 */;
CREATE TABLE `mail_items` (
  `mail_id` int(10) unsigned NOT NULL DEFAULT '0',
  `item_guid` int(10) unsigned NOT NULL DEFAULT '0',
  `receiver` int(10) unsigned NOT NULL DEFAULT '0' COMMENT 'Character Global Unique Identifier',
  PRIMARY KEY (`item_guid`),
  KEY `idx_receiver` (`receiver`),
  KEY `idx_mail_id` (`mail_id`)
) ENGINE=InnoDB DEFAULT CHARSET=utf8 ROW_FORMAT=DYNAMIC;
/*!40101 SET character_set_client = @saved_cs_client */;

--
-- Dumping data for table `mail_items`
--

LOCK TABLES `mail_items` WRITE;
/*!40000 ALTER TABLE `mail_items` DISABLE KEYS */;
/*!40000 ALTER TABLE `mail_items` ENABLE KEYS */;
UNLOCK TABLES;

--
-- Table structure for table `pet_aura`
--

DROP TABLE IF EXISTS `pet_aura`;
/*!40101 SET @saved_cs_client     = @@character_set_client */;
/*!40101 SET character_set_client = utf8 */;
CREATE TABLE `pet_aura` (
  `guid` int(10) unsigned NOT NULL DEFAULT '0' COMMENT 'Global Unique Identifier',
  `casterGuid` bigint(20) unsigned NOT NULL DEFAULT '0' COMMENT 'Full Global Unique Identifier',
  `spell` mediumint(8) unsigned NOT NULL DEFAULT '0',
  `effectMask` tinyint(3) unsigned NOT NULL DEFAULT '0',
  `recalculateMask` tinyint(3) unsigned NOT NULL DEFAULT '0',
  `stackCount` tinyint(3) unsigned NOT NULL DEFAULT '1',
  `amount0` mediumint(8) NOT NULL,
  `amount1` mediumint(8) NOT NULL,
  `amount2` mediumint(8) NOT NULL,
  `base_amount0` mediumint(8) NOT NULL,
  `base_amount1` mediumint(8) NOT NULL,
  `base_amount2` mediumint(8) NOT NULL,
  `maxDuration` int(11) NOT NULL DEFAULT '0',
  `remainTime` int(11) NOT NULL DEFAULT '0',
  `remainCharges` tinyint(3) unsigned NOT NULL DEFAULT '0',
  `critChance` float NOT NULL DEFAULT '0',
  `applyResilience` tinyint(3) NOT NULL DEFAULT '0',
  PRIMARY KEY (`guid`,`casterGuid`,`spell`,`effectMask`)
) ENGINE=InnoDB DEFAULT CHARSET=utf8 COMMENT='Pet System';
/*!40101 SET character_set_client = @saved_cs_client */;

--
-- Dumping data for table `pet_aura`
--

LOCK TABLES `pet_aura` WRITE;
/*!40000 ALTER TABLE `pet_aura` DISABLE KEYS */;
/*!40000 ALTER TABLE `pet_aura` ENABLE KEYS */;
UNLOCK TABLES;

--
-- Table structure for table `pet_spell`
--

DROP TABLE IF EXISTS `pet_spell`;
/*!40101 SET @saved_cs_client     = @@character_set_client */;
/*!40101 SET character_set_client = utf8 */;
CREATE TABLE `pet_spell` (
  `guid` int(10) unsigned NOT NULL DEFAULT '0' COMMENT 'Global Unique Identifier',
  `spell` mediumint(8) unsigned NOT NULL DEFAULT '0' COMMENT 'Spell Identifier',
  `active` tinyint(3) unsigned NOT NULL DEFAULT '0',
  PRIMARY KEY (`guid`,`spell`)
) ENGINE=InnoDB DEFAULT CHARSET=utf8 COMMENT='Pet System';
/*!40101 SET character_set_client = @saved_cs_client */;

--
-- Dumping data for table `pet_spell`
--

LOCK TABLES `pet_spell` WRITE;
/*!40000 ALTER TABLE `pet_spell` DISABLE KEYS */;
/*!40000 ALTER TABLE `pet_spell` ENABLE KEYS */;
UNLOCK TABLES;

--
-- Table structure for table `pet_spell_cooldown`
--

DROP TABLE IF EXISTS `pet_spell_cooldown`;
/*!40101 SET @saved_cs_client     = @@character_set_client */;
/*!40101 SET character_set_client = utf8 */;
CREATE TABLE `pet_spell_cooldown` (
  `guid` int(10) unsigned NOT NULL DEFAULT '0' COMMENT 'Global Unique Identifier, Low part',
  `spell` mediumint(8) unsigned NOT NULL DEFAULT '0' COMMENT 'Spell Identifier',
  `time` int(10) unsigned NOT NULL DEFAULT '0',
  `categoryId` int(10) unsigned NOT NULL DEFAULT '0' COMMENT 'Spell category Id',
  `categoryEnd` int(10) unsigned NOT NULL DEFAULT '0',
  PRIMARY KEY (`guid`,`spell`)
) ENGINE=InnoDB DEFAULT CHARSET=utf8;
/*!40101 SET character_set_client = @saved_cs_client */;

--
-- Dumping data for table `pet_spell_cooldown`
--

LOCK TABLES `pet_spell_cooldown` WRITE;
/*!40000 ALTER TABLE `pet_spell_cooldown` DISABLE KEYS */;
/*!40000 ALTER TABLE `pet_spell_cooldown` ENABLE KEYS */;
UNLOCK TABLES;

--
-- Table structure for table `petition`
--

DROP TABLE IF EXISTS `petition`;
/*!40101 SET @saved_cs_client     = @@character_set_client */;
/*!40101 SET character_set_client = utf8 */;
CREATE TABLE `petition` (
  `ownerguid` int(10) unsigned NOT NULL,
  `petitionguid` int(10) unsigned DEFAULT '0',
  `name` varchar(24) NOT NULL,
  `type` tinyint(3) unsigned NOT NULL DEFAULT '0',
  PRIMARY KEY (`ownerguid`,`type`),
  UNIQUE KEY `index_ownerguid_petitionguid` (`ownerguid`,`petitionguid`)
) ENGINE=InnoDB DEFAULT CHARSET=utf8 COMMENT='Guild System';
/*!40101 SET character_set_client = @saved_cs_client */;

--
-- Dumping data for table `petition`
--

LOCK TABLES `petition` WRITE;
/*!40000 ALTER TABLE `petition` DISABLE KEYS */;
/*!40000 ALTER TABLE `petition` ENABLE KEYS */;
UNLOCK TABLES;

--
-- Table structure for table `petition_sign`
--

DROP TABLE IF EXISTS `petition_sign`;
/*!40101 SET @saved_cs_client     = @@character_set_client */;
/*!40101 SET character_set_client = utf8 */;
CREATE TABLE `petition_sign` (
  `ownerguid` int(10) unsigned NOT NULL,
  `petitionguid` int(10) unsigned NOT NULL DEFAULT '0',
  `playerguid` int(10) unsigned NOT NULL DEFAULT '0',
  `player_account` int(10) unsigned NOT NULL DEFAULT '0',
  `type` tinyint(3) unsigned NOT NULL DEFAULT '0',
  PRIMARY KEY (`petitionguid`,`playerguid`),
  KEY `Idx_playerguid` (`playerguid`),
  KEY `Idx_ownerguid` (`ownerguid`)
) ENGINE=InnoDB DEFAULT CHARSET=utf8 COMMENT='Guild System';
/*!40101 SET character_set_client = @saved_cs_client */;

--
-- Dumping data for table `petition_sign`
--

LOCK TABLES `petition_sign` WRITE;
/*!40000 ALTER TABLE `petition_sign` DISABLE KEYS */;
/*!40000 ALTER TABLE `petition_sign` ENABLE KEYS */;
UNLOCK TABLES;

--
-- Table structure for table `pool_quest_save`
--

DROP TABLE IF EXISTS `pool_quest_save`;
/*!40101 SET @saved_cs_client     = @@character_set_client */;
/*!40101 SET character_set_client = utf8 */;
CREATE TABLE `pool_quest_save` (
  `pool_id` int(10) unsigned NOT NULL DEFAULT '0',
  `quest_id` int(10) unsigned NOT NULL DEFAULT '0',
  PRIMARY KEY (`pool_id`,`quest_id`)
) ENGINE=InnoDB DEFAULT CHARSET=utf8;
/*!40101 SET character_set_client = @saved_cs_client */;

--
-- Dumping data for table `pool_quest_save`
--

LOCK TABLES `pool_quest_save` WRITE;
/*!40000 ALTER TABLE `pool_quest_save` DISABLE KEYS */;
INSERT INTO `pool_quest_save` VALUES (348,24635),(349,14101),(350,13904),(351,13914),(352,11377),(353,11667),(354,13425),(356,11378),(357,11385),(359,12726),(360,12705),(361,12758),(362,12759),(363,14152),(364,14090),(365,14140),(366,14141),(367,14107),(370,12501),(5662,13673),(5663,13764),(5664,13769),(5665,13773),(5666,13779),(5667,13784),(5668,13670),(5669,13603),(5670,13741),(5671,13746),(5672,13759),(5673,13752),(5674,13102),(5675,13115),(5676,13834),(5677,12958),(5678,24586),(5679,24870),(5679,24871),(5680,24880),(5707,13197),(5708,236),(5709,13199),(5710,13194);
/*!40000 ALTER TABLE `pool_quest_save` ENABLE KEYS */;
UNLOCK TABLES;

--
-- Table structure for table `pvpstats_battlegrounds`
--

DROP TABLE IF EXISTS `pvpstats_battlegrounds`;
/*!40101 SET @saved_cs_client     = @@character_set_client */;
/*!40101 SET character_set_client = utf8 */;
CREATE TABLE `pvpstats_battlegrounds` (
  `id` bigint(20) unsigned NOT NULL AUTO_INCREMENT,
  `winner_faction` tinyint(4) NOT NULL,
  `bracket_id` tinyint(3) unsigned NOT NULL,
  `type` tinyint(3) unsigned NOT NULL,
  `date` datetime NOT NULL,
  PRIMARY KEY (`id`)
) ENGINE=InnoDB DEFAULT CHARSET=latin1;
/*!40101 SET character_set_client = @saved_cs_client */;

--
-- Dumping data for table `pvpstats_battlegrounds`
--

LOCK TABLES `pvpstats_battlegrounds` WRITE;
/*!40000 ALTER TABLE `pvpstats_battlegrounds` DISABLE KEYS */;
/*!40000 ALTER TABLE `pvpstats_battlegrounds` ENABLE KEYS */;
UNLOCK TABLES;

--
-- Table structure for table `pvpstats_players`
--

DROP TABLE IF EXISTS `pvpstats_players`;
/*!40101 SET @saved_cs_client     = @@character_set_client */;
/*!40101 SET character_set_client = utf8 */;
CREATE TABLE `pvpstats_players` (
  `battleground_id` bigint(20) unsigned NOT NULL,
  `character_guid` int(10) unsigned NOT NULL,
  `winner` bit(1) NOT NULL,
  `score_killing_blows` mediumint(8) unsigned NOT NULL,
  `score_deaths` mediumint(8) unsigned NOT NULL,
  `score_honorable_kills` mediumint(8) unsigned NOT NULL,
  `score_bonus_honor` mediumint(8) unsigned NOT NULL,
  `score_damage_done` mediumint(8) unsigned NOT NULL,
  `score_healing_done` mediumint(8) unsigned NOT NULL,
  `attr_1` mediumint(8) unsigned NOT NULL DEFAULT '0',
  `attr_2` mediumint(8) unsigned NOT NULL DEFAULT '0',
  `attr_3` mediumint(8) unsigned NOT NULL DEFAULT '0',
  `attr_4` mediumint(8) unsigned NOT NULL DEFAULT '0',
  `attr_5` mediumint(8) unsigned NOT NULL DEFAULT '0',
  PRIMARY KEY (`battleground_id`,`character_guid`)
) ENGINE=InnoDB DEFAULT CHARSET=latin1;
/*!40101 SET character_set_client = @saved_cs_client */;

--
-- Dumping data for table `pvpstats_players`
--

LOCK TABLES `pvpstats_players` WRITE;
/*!40000 ALTER TABLE `pvpstats_players` DISABLE KEYS */;
/*!40000 ALTER TABLE `pvpstats_players` ENABLE KEYS */;
UNLOCK TABLES;

--
-- Table structure for table `quest_tracker`
--

DROP TABLE IF EXISTS `quest_tracker`;
/*!40101 SET @saved_cs_client     = @@character_set_client */;
/*!40101 SET character_set_client = utf8 */;
CREATE TABLE `quest_tracker` (
  `id` mediumint(8) unsigned NOT NULL DEFAULT '0',
  `character_guid` int(10) unsigned NOT NULL DEFAULT '0',
  `quest_accept_time` datetime NOT NULL,
  `quest_complete_time` datetime DEFAULT NULL,
  `quest_abandon_time` datetime DEFAULT NULL,
  `completed_by_gm` tinyint(1) NOT NULL DEFAULT '0',
  `core_hash` varchar(120) NOT NULL DEFAULT '0',
  `core_revision` varchar(120) NOT NULL DEFAULT '0'
) ENGINE=InnoDB DEFAULT CHARSET=latin1;
/*!40101 SET character_set_client = @saved_cs_client */;

--
-- Dumping data for table `quest_tracker`
--

LOCK TABLES `quest_tracker` WRITE;
/*!40000 ALTER TABLE `quest_tracker` DISABLE KEYS */;
/*!40000 ALTER TABLE `quest_tracker` ENABLE KEYS */;
UNLOCK TABLES;

--
-- Table structure for table `reserved_name`
--

DROP TABLE IF EXISTS `reserved_name`;
/*!40101 SET @saved_cs_client     = @@character_set_client */;
/*!40101 SET character_set_client = utf8 */;
CREATE TABLE `reserved_name` (
  `name` varchar(12) NOT NULL DEFAULT '',
  PRIMARY KEY (`name`)
) ENGINE=InnoDB DEFAULT CHARSET=utf8 COMMENT='Player Reserved Names';
/*!40101 SET character_set_client = @saved_cs_client */;

--
-- Dumping data for table `reserved_name`
--

LOCK TABLES `reserved_name` WRITE;
/*!40000 ALTER TABLE `reserved_name` DISABLE KEYS */;
/*!40000 ALTER TABLE `reserved_name` ENABLE KEYS */;
UNLOCK TABLES;

--
-- Table structure for table `respawn`
--

DROP TABLE IF EXISTS `respawn`;
/*!40101 SET @saved_cs_client     = @@character_set_client */;
/*!40101 SET character_set_client = utf8 */;
CREATE TABLE `respawn` (
  `type` smallint(10) unsigned NOT NULL,
  `spawnId` int(10) unsigned NOT NULL,
  `respawnTime` bigint(20) unsigned NOT NULL,
  `mapId` smallint(10) unsigned NOT NULL,
  `instanceId` int(10) unsigned NOT NULL,
  PRIMARY KEY (`type`,`spawnId`,`instanceId`),
  KEY `idx_instance` (`instanceId`)
) ENGINE=InnoDB DEFAULT CHARSET=utf8 COMMENT='Stored respawn times';
/*!40101 SET character_set_client = @saved_cs_client */;

--
-- Dumping data for table `respawn`
--

LOCK TABLES `respawn` WRITE;
/*!40000 ALTER TABLE `respawn` DISABLE KEYS */;
INSERT INTO `respawn` VALUES (0,79947,1573747195,0,0),(0,79972,1573832385,0,0),(0,79991,1573979236,0,0),(0,80104,1573746319,0,0),(0,80128,1573747234,0,0);
/*!40000 ALTER TABLE `respawn` ENABLE KEYS */;
UNLOCK TABLES;

--
-- Table structure for table `updates`
--

DROP TABLE IF EXISTS `updates`;
/*!40101 SET @saved_cs_client     = @@character_set_client */;
/*!40101 SET character_set_client = utf8 */;
CREATE TABLE `updates` (
  `name` varchar(200) NOT NULL COMMENT 'filename with extension of the update.',
  `hash` char(40) DEFAULT '' COMMENT 'sha1 hash of the sql file.',
  `state` enum('RELEASED','ARCHIVED') NOT NULL DEFAULT 'RELEASED' COMMENT 'defines if an update is released or archived.',
  `timestamp` timestamp NOT NULL DEFAULT CURRENT_TIMESTAMP COMMENT 'timestamp when the query was applied.',
  `speed` int(10) unsigned NOT NULL DEFAULT '0' COMMENT 'time the query takes to apply in ms.',
  PRIMARY KEY (`name`)
) ENGINE=MyISAM DEFAULT CHARSET=utf8 COMMENT='List of all applied updates in this database.';
/*!40101 SET character_set_client = @saved_cs_client */;

--
-- Dumping data for table `updates`
--

LOCK TABLES `updates` WRITE;
/*!40000 ALTER TABLE `updates` DISABLE KEYS */;
INSERT INTO `updates` VALUES ('2015_03_20_00_characters.sql','B761760804EA73BD297F296C5C1919687DF7191C','ARCHIVED','2015-03-21 21:44:15',0),('2015_03_20_01_characters.sql','894F08B70449A5481FFAF394EE5571D7FC4D8A3A','ARCHIVED','2015-03-21 21:44:15',0),('2015_03_20_02_characters.sql','97D7BE0CAADC79F3F11B9FD296B8C6CD40FE593B','ARCHIVED','2015-03-21 21:44:51',0),('2015_06_26_00_characters_335.sql','C2CC6E50AFA1ACCBEBF77CC519AAEB09F3BBAEBC','ARCHIVED','2015-07-13 23:49:22',0),('2015_09_28_00_characters_335.sql','F8682A431D50E54BDC4AC0E7DBED21AE8AAB6AD4','ARCHIVED','2015-09-28 21:00:00',0),('2015_08_26_00_characters_335.sql','C7D6A3A00FECA3EBFF1E71744CA40D3076582374','ARCHIVED','2015-08-26 21:00:00',0),('2015_10_06_00_characters.sql','16842FDD7E8547F2260D3312F53EFF8761EFAB35','ARCHIVED','2015-10-06 16:06:38',0),('2015_10_07_00_characters.sql','E15AB463CEBE321001D7BFDEA4B662FF618728FD','ARCHIVED','2015-10-07 23:32:00',0),('2015_10_12_00_characters.sql','D6F9927BDED72AD0A81D6EC2C6500CBC34A39FA2','ARCHIVED','2015-10-12 15:35:47',0),('2015_10_28_00_characters.sql','622A9CA8FCE690429EBE23BA071A37C7A007BF8B','ARCHIVED','2015-10-19 14:32:22',0),('2015_10_29_00_characters_335.sql','4555A7F35C107E54C13D74D20F141039ED42943E','ARCHIVED','2015-10-29 17:05:43',0),('2015_11_03_00_characters.sql','CC045717B8FDD9733351E52A5302560CD08AAD57','ARCHIVED','2015-10-12 15:23:33',0),('2015_11_07_00_characters.sql','0ACDD35EC9745231BCFA701B78056DEF94D0CC53','ARCHIVED','2016-04-11 00:42:36',0),('2016_02_10_00_characters.sql','F1B4DA202819CABC7319A4470A2D224A34609E97','ARCHIVED','2016-02-10 00:00:00',0),('2016_03_13_2016_01_05_00_characters.sql','0EAD24977F40DE2476B4567DA2B477867CC0DA1A','ARCHIVED','2016-03-13 20:03:56',0),('2016_04_11_00_characters.sql','0ACDD35EC9745231BCFA701B78056DEF94D0CC53','ARCHIVED','2016-04-11 03:18:17',0),('2016_09_13_00_characters.sql','27A04615B11B2CFC3A26778F52F74C071E4F9C54','ARCHIVED','2016-07-06 18:55:18',0),('2016_10_16_00_characters.sql','0ACDD35EC9745231BCFA701B78056DEF94D0CC53','ARCHIVED','2016-10-16 14:02:49',0),('2016_10_30_00_characters.sql','7E2D5B226907B5A9AF320797F46E86DC27B7EC90','ARCHIVED','2016-10-30 00:00:00',0),('2017_04_03_00_characters.sql','CB072C56692C9FBF170C4036F15773DD86D368B5','ARCHIVED','2017-04-03 00:00:00',0),('2017_04_12_00_characters.sql','4FE3C6866A6DCD4926D451F6009464D290C2EF1F','ARCHIVED','2017-04-12 00:00:00',0),('2017_04_12_01_characters.sql','5A8A1215E3A2356722F52CD7A64BBE03D21FBEA3','ARCHIVED','2017-04-12 00:00:00',0),('2017_04_19_00_characters.sql','CE06FA9005C8A8EE4BDD925520278A5D83E87485','ARCHIVED','2017-04-19 00:07:40',0),('2017_10_29_00_characters.sql','8CFC473E7E87E58C317A72016BF69E9050D3BC83','ARCHIVED','2017-04-19 00:07:40',0),('2017_11_27_00_characters.sql','6FF1F84B8985ADFC7FF97F0BF8E53403CF13C320','ARCHIVED','2017-11-27 22:08:42',0),('2018_01_13_00_characters.sql','E3C0DA9995BA71ED5A267294470CD03DC51862DD','ARCHIVED','2018-01-13 00:00:00',0),('2018_02_19_00_characters.sql','FE5C5F9B88F0791549DDE680942493781E2269E6','ARCHIVED','2018-02-18 19:49:38',0),('2018_04_24_00_characters.sql','77264AB7BEF421C0A4BB81EEAFD0D8C1CBCA840F','ARCHIVED','2018-04-20 09:38:10',0),('2018_07_09_00_characters.sql','6F3EA22DD5E4CD9F9C60C4332B147E3DBF2E8A44','ARCHIVED','2018-07-09 18:19:18',0),('2018_11_09_00_characters.sql','50429D68E6EBD1149CDA14A9EA642BC06A1FAE3D','ARCHIVED','2018-11-09 20:49:47',0),('2019_03_19_00_characters.sql','1FD394E354CB9E854ABDC8CFD02329240AE07C3F','ARCHIVED','2019-03-19 07:17:45',0),('2019_04_15_00_characters.sql','942FB57BF890E523B35B9BFEF3686CB0AA52B795','ARCHIVED','2019-04-15 06:16:09',0),('2019_05_15_00_characters.sql','A12F21C8044C8BC8E2AA17F4C6CEB8B722CBC714','ARCHIVED','2019-05-15 06:13:20',0),('2019_06_15_00_characters.sql','32DA6E004D7DD6EFFB0BB26238D17F6CC9E51DE6','ARCHIVED','2019-06-15 07:33:45',0),('2019_07_14_00_characters.sql','A141F4F15BDF0320483921429871D4C572BD7E2D','ARCHIVED','2019-07-04 00:00:00',0),('2019_07_15_00_characters.sql','5BCF35896BB36A306CE79CF1E3F1945FAF9019D9','ARCHIVED','2019-07-15 00:00:00',0),('2019_07_15_01_characters.sql','5D383B026AB9EDE7114F249D206DE7E432E19468','ARCHIVED','2019-07-15 00:00:00',0),('2019_07_16_00_characters.sql','76AE193EFA3129FA1702BF7B6FA7C4127B543BDF','ARCHIVED','2019-07-16 00:00:00',0),('2019_08_16_00_characters.sql','7E21060060513C9504107C4A06B106166CC0768E','ARCHIVED','2019-08-16 06:25:07',0),('2019_09_15_00_characters.sql','75F3355AF6E9C0A2CAF5F523D87208C726C9D042','ARCHIVED','2019-09-15 09:21:36',0),('2019_10_18_00_characters.sql','143669FB0AA803C7287A4FF4ABE85F45F63369E5','ARCHIVED','2019-10-18 08:37:37',0),('2019_11_16_00_characters.sql','F29BBE2869E2187B278B27236A3D156B849F0E43','RELEASED','2019-11-16 17:05:02',18);
/*!40000 ALTER TABLE `updates` ENABLE KEYS */;
UNLOCK TABLES;

--
-- Table structure for table `updates_include`
--

DROP TABLE IF EXISTS `updates_include`;
/*!40101 SET @saved_cs_client     = @@character_set_client */;
/*!40101 SET character_set_client = utf8 */;
CREATE TABLE `updates_include` (
  `path` varchar(200) NOT NULL COMMENT 'directory to include. $ means relative to the source directory.',
  `state` enum('RELEASED','ARCHIVED') NOT NULL DEFAULT 'RELEASED' COMMENT 'defines if the directory contains released or archived updates.',
  PRIMARY KEY (`path`)
) ENGINE=MyISAM DEFAULT CHARSET=utf8 COMMENT='List of directories where we want to include sql updates.';
/*!40101 SET character_set_client = @saved_cs_client */;

--
-- Dumping data for table `updates_include`
--

LOCK TABLES `updates_include` WRITE;
/*!40000 ALTER TABLE `updates_include` DISABLE KEYS */;
INSERT INTO `updates_include` VALUES ('$/sql/updates/characters','RELEASED'),('$/sql/custom/characters','RELEASED'),('$/sql/old/3.3.5a/characters','ARCHIVED');
/*!40000 ALTER TABLE `updates_include` ENABLE KEYS */;
UNLOCK TABLES;

--
-- Table structure for table `warden_action`
--

DROP TABLE IF EXISTS `warden_action`;
/*!40101 SET @saved_cs_client     = @@character_set_client */;
/*!40101 SET character_set_client = utf8 */;
CREATE TABLE `warden_action` (
  `wardenId` smallint(5) unsigned NOT NULL,
  `action` tinyint(3) unsigned DEFAULT NULL,
  PRIMARY KEY (`wardenId`)
) ENGINE=InnoDB DEFAULT CHARSET=utf8;
/*!40101 SET character_set_client = @saved_cs_client */;

--
-- Dumping data for table `warden_action`
--

LOCK TABLES `warden_action` WRITE;
/*!40000 ALTER TABLE `warden_action` DISABLE KEYS */;
/*!40000 ALTER TABLE `warden_action` ENABLE KEYS */;
UNLOCK TABLES;

--
-- Table structure for table `worldstates`
--

DROP TABLE IF EXISTS `worldstates`;
/*!40101 SET @saved_cs_client     = @@character_set_client */;
/*!40101 SET character_set_client = utf8 */;
CREATE TABLE `worldstates` (
  `entry` int(10) unsigned NOT NULL DEFAULT '0',
  `value` int(10) unsigned NOT NULL DEFAULT '0',
  `comment` tinytext,
  PRIMARY KEY (`entry`)
) ENGINE=InnoDB DEFAULT CHARSET=utf8 COMMENT='Variable Saves';
/*!40101 SET character_set_client = @saved_cs_client */;

--
-- Dumping data for table `worldstates`
--

LOCK TABLES `worldstates` WRITE;
/*!40000 ALTER TABLE `worldstates` DISABLE KEYS */;
INSERT INTO `worldstates` VALUES (1,0,NULL),(2,0,NULL),(3,0,NULL),(4,1575201247,NULL),(5,0,NULL),(6,0,NULL),(7,0,NULL),(8,0,NULL),(9,0,NULL),(10,0,NULL),(11,0,NULL),(12,0,NULL),(13,0,NULL),(14,0,NULL),(15,0,NULL),(16,1575201247,NULL),(17,0,NULL),(18,0,NULL),(19,1575201247,NULL),(20,0,NULL),(21,0,NULL),(22,0,NULL),(23,0,NULL),(24,0,NULL),(25,0,NULL),(26,1575201247,NULL),(27,1575201247,NULL),(28,0,NULL),(29,0,NULL),(30,0,NULL),(31,0,NULL),(32,0,NULL),(33,0,NULL),(34,0,NULL),(35,0,NULL),(36,1575201247,NULL),(37,0,NULL),(38,0,NULL),(39,0,NULL),(40,0,NULL),(41,0,NULL),(42,0,NULL),(43,0,NULL),(44,0,NULL),(45,0,NULL),(46,0,NULL),(47,0,NULL),(48,0,NULL),(49,0,NULL),(50,0,NULL),(51,0,NULL),(52,0,NULL),(53,0,NULL),(54,0,NULL),(55,0,NULL),(56,0,NULL),(57,0,NULL),(58,0,NULL),(59,0,NULL),(60,1575201247,NULL),(61,0,NULL),(62,0,NULL),(63,0,NULL),(64,0,NULL),(65,0,NULL),(66,0,NULL),(67,0,NULL),(68,1575201303,NULL),(69,0,NULL),(70,0,NULL),(71,0,NULL),(72,0,NULL),(73,0,NULL),(74,0,NULL),(75,0,NULL),(76,0,NULL),(77,0,NULL),(78,0,NULL),(79,0,NULL),(80,0,NULL),(81,0,NULL),(82,0,NULL),(3781,9000000,NULL),(3801,0,NULL),(3802,1,NULL),(20001,0,'NextArenaPointDistributionTime'),(20002,1575446400,'NextWeeklyQuestResetTime'),(20003,1575284400,'NextBGRandomDailyResetTime'),(20004,0,'cleaning_flags'),(20006,1575284400,'NextGuildDailyResetTime'),(20007,1577865600,'NextMonthlyQuestResetTime'),(20008,1575273600,'NextDailyQuestResetTime'),(20009,1575284400,NULL);
/*!40000 ALTER TABLE `worldstates` ENABLE KEYS */;
UNLOCK TABLES;
/*!40103 SET TIME_ZONE=@OLD_TIME_ZONE */;

/*!40101 SET SQL_MODE=@OLD_SQL_MODE */;
/*!40014 SET FOREIGN_KEY_CHECKS=@OLD_FOREIGN_KEY_CHECKS */;
/*!40014 SET UNIQUE_CHECKS=@OLD_UNIQUE_CHECKS */;
/*!40101 SET CHARACTER_SET_CLIENT=@OLD_CHARACTER_SET_CLIENT */;
/*!40101 SET CHARACTER_SET_RESULTS=@OLD_CHARACTER_SET_RESULTS */;
/*!40101 SET COLLATION_CONNECTION=@OLD_COLLATION_CONNECTION */;
/*!40111 SET SQL_NOTES=@OLD_SQL_NOTES */;

-- Dump completed on 2019-12-01  6:55:49
